date,meeting_date,implied_rate,change_bp,probability_cut,probability_hold,probability_hike
2026-02-11,2026-02-03,3.82,-3.0,0,100,0
2026-02-11,2026-03-03,3.86,1.0,0,100,0
2026-02-11,2026-04-07,3.875,2.5,0,100,0
2026-02-11,2026-05-05,4.015,16.5,0,34,66
2026-02-11,2026-06-02,4.055,20.5,0,18,82
2026-02-11,2026-07-07,4.065,21.5,0,14,86
2026-02-11,2026-08-04,4.125,27.5,0,0,100
2026-02-11,2026-09-01,4.155,30.5,0,0,100
2026-02-11,2026-10-06,4.17,32.0,0,0,100
2026-02-11,2026-11-03,4.19,34.0,0,0,100
2026-02-11,2026-12-01,4.2,35.0,0,0,100
2026-02-11,2027-02-02,4.19,34.0,0,0,100
2026-02-11,2027-03-02,4.185,33.5,0,0,100
2026-02-11,2027-04-06,4.18,33.0,0,0,100
2026-02-11,2027-05-04,4.175,32.5,0,0,100
2026-02-11,2027-06-01,4.175,32.5,0,0,100
2026-02-11,2027-07-06,4.17,32.0,0,0,100
2026-02-12,2026-02-03,3.82,-3.0,0,100,0
2026-02-12,2026-03-03,3.86,1.0,0,100,0
2026-02-12,2026-04-07,3.88,3.0,0,100,0
2026-02-12,2026-05-05,4.025,17.5,0,30,70
2026-02-12,2026-06-02,4.065,21.5,0,14,86
2026-02-12,2026-07-07,4.07,22.0,0,12,88
2026-02-12,2026-08-04,4.145,29.5,0,0,100
2026-02-12,2026-09-01,4.18,33.0,0,0,100
2026-02-12,2026-10-06,4.2,35.0,0,0,100
2026-02-12,2026-11-03,4.225,37.5,0,0,100
2026-02-12,2026-12-01,4.23,38.0,0,0,100
2026-02-12,2027-02-02,4.225,37.5,0,0,100
2026-02-12,2027-03-02,4.22,37.0,0,0,100
2026-02-12,2027-04-06,4.22,37.0,0,0,100
2026-02-12,2027-05-04,4.215,36.5,0,0,100
2026-02-12,2027-06-01,4.215,36.5,0,0,100
2026-02-12,2027-07-06,4.21,36.0,0,0,100
2026-02-13,2026-02-03,3.82,-3.0,0,100,0
2026-02-13,2026-03-03,3.86,1.0,0,100,0
2026-02-13,2026-04-07,3.875,2.5,0,100,0
2026-02-13,2026-05-05,4.02,17.0,0,32,68
2026-02-13,2026-06-02,4.06,21.0,0,16,84
2026-02-13,2026-07-07,4.07,22.0,0,12,88
2026-02-13,2026-08-04,4.125,27.5,0,0,100
2026-02-13,2026-09-01,4.16,31.0,0,0,100
2026-02-13,2026-10-06,4.18,33.0,0,0,100
2026-02-13,2026-11-03,4.205,35.5,0,0,100
2026-02-13,2026-12-01,4.2,35.0,0,0,100
2026-02-13,2027-02-02,4.195,34.5,0,0,100
2026-02-13,2027-03-02,4.195,34.5,0,0,100
2026-02-13,2027-04-06,4.19,34.0,0,0,100
2026-02-13,2027-05-04,4.185,33.5,0,0,100
2026-02-13,2027-06-01,4.185,33.5,0,0,100
2026-02-13,2027-07-06,4.185,33.5,0,0,100
2026-02-17,2026-02-03,3.82,-3.0,0,100,0
2026-02-17,2026-03-03,3.855,0.5,0,100,0
2026-02-17,2026-04-07,3.87,2.0,0,100,0
2026-02-17,2026-05-05,4.0,15.0,0,40,60
2026-02-17,2026-06-02,4.03,18.0,0,28,72
2026-02-17,2026-07-07,4.04,19.0,0,24,76
2026-02-17,2026-08-04,4.09,24.0,0,4,96
2026-02-17,2026-09-01,4.115,26.5,0,0,100
2026-02-17,2026-10-06,4.135,28.5,0,0,100
2026-02-17,2026-11-03,4.16,31.0,0,0,100
2026-02-17,2026-12-01,4.16,31.0,0,0,100
2026-02-17,2027-02-02,4.14,29.0,0,0,100
2026-02-17,2027-03-02,4.135,28.5,0,0,100
2026-02-17,2027-04-06,4.13,28.0,0,0,100
2026-02-17,2027-05-04,4.12,27.0,0,0,100
2026-02-17,2027-06-01,4.12,27.0,0,0,100
2026-02-17,2027-07-06,4.115,26.5,0,0,100
2026-02-18,2026-02-03,3.82,-3.0,0,100,0
2026-02-18,2026-03-03,3.855,0.5,0,100,0
2026-02-18,2026-04-07,3.87,2.0,0,100,0
2026-02-18,2026-05-05,4.01,16.0,0,36,64
2026-02-18,2026-06-02,4.04,19.0,0,24,76
2026-02-18,2026-07-07,4.05,20.0,0,20,80
2026-02-18,2026-08-04,4.11,26.0,0,0,100
2026-02-18,2026-09-01,4.14,29.0,0,0,100
2026-02-18,2026-10-06,4.15,30.0,0,0,100
2026-02-18,2026-11-03,4.18,33.0,0,0,100
2026-02-18,2026-12-01,4.175,32.5,0,0,100
2026-02-18,2027-02-02,4.165,31.5,0,0,100
2026-02-18,2027-03-02,4.16,31.0,0,0,100
2026-02-18,2027-04-06,4.155,30.5,0,0,100
2026-02-18,2027-05-04,4.15,30.0,0,0,100
2026-02-18,2027-06-01,4.15,30.0,0,0,100
2026-02-18,2027-07-06,4.14,29.0,0,0,100
2026-02-19,2026-02-03,3.82,-3.0,0,100,0
2026-02-19,2026-03-03,3.865,1.5,0,100,0
2026-02-19,2026-04-07,3.885,3.5,0,100,0
2026-02-19,2026-05-05,4.04,19.0,0,24,76
2026-02-19,2026-06-02,4.08,23.0,0,8,92
2026-02-19,2026-07-07,4.095,24.5,0,2,98
2026-02-19,2026-08-04,4.175,32.5,0,0,100
2026-02-19,2026-09-01,4.215,36.5,0,0,100
2026-02-19,2026-10-06,4.215,36.5,0,0,100
2026-02-19,2026-11-03,4.255,40.5,0,0,100
2026-02-19,2026-12-01,4.25,40.0,0,0,100
2026-02-19,2027-02-02,4.245,39.5,0,0,100
2026-02-19,2027-03-02,4.24,39.0,0,0,100
2026-02-19,2027-04-06,4.235,38.5,0,0,100
2026-02-19,2027-05-04,4.23,38.0,0,0,100
2026-02-19,2027-06-01,4.225,37.5,0,0,100
2026-02-19,2027-07-06,4.22,37.0,0,0,100
2026-02-20,2026-02-03,3.82,-3.0,0,100,0
2026-02-20,2026-03-03,3.86,1.0,0,100,0
2026-02-20,2026-04-07,3.88,3.0,0,100,0
2026-02-20,2026-05-05,4.03,18.0,0,28,72
2026-02-20,2026-06-02,4.07,22.0,0,12,88
2026-02-20,2026-07-07,4.085,23.5,0,6,94
2026-02-20,2026-08-04,4.15,30.0,0,0,100
2026-02-20,2026-09-01,4.185,33.5,0,0,100
2026-02-20,2026-10-06,4.19,34.0,0,0,100
2026-02-20,2026-11-03,4.22,37.0,0,0,100
2026-02-20,2026-12-01,4.215,36.5,0,0,100
2026-02-20,2027-02-02,4.205,35.5,0,0,100
2026-02-20,2027-03-02,4.2,35.0,0,0,100
2026-02-20,2027-04-06,4.19,34.0,0,0,100
2026-02-20,2027-05-04,4.18,33.0,0,0,100
2026-02-20,2027-06-01,4.175,32.5,0,0,100
2026-02-20,2027-07-06,4.17,32.0,0,0,100
2026-02-23,2026-02-03,3.82,-3.0,0,100,0
2026-02-23,2026-03-03,3.86,1.0,0,100,0
2026-02-23,2026-04-07,3.875,2.5,0,100,0
2026-02-23,2026-05-05,4.025,17.5,0,30,70
2026-02-23,2026-06-02,4.065,21.5,0,14,86
2026-02-23,2026-07-07,4.075,22.5,0,10,90
2026-02-23,2026-08-04,4.145,29.5,0,0,100
2026-02-23,2026-09-01,4.18,33.0,0,0,100
2026-02-23,2026-10-06,4.185,33.5,0,0,100
2026-02-23,2026-11-03,4.21,36.0,0,0,100
2026-02-23,2026-12-01,4.205,35.5,0,0,100
2026-02-23,2027-02-02,4.19,34.0,0,0,100
2026-02-23,2027-03-02,4.185,33.5,0,0,100
2026-02-23,2027-04-06,4.175,32.5,0,0,100
2026-02-23,2027-05-04,4.16,31.0,0,0,100
2026-02-23,2027-06-01,4.155,30.5,0,0,100
2026-02-23,2027-07-06,4.15,30.0,0,0,100
2026-02-24,2026-02-03,3.82,-3.0,0,100,0
2026-02-24,2026-03-03,3.86,1.0,0,100,0
2026-02-24,2026-04-07,3.88,3.0,0,100,0
2026-02-24,2026-05-05,4.025,17.5,0,30,70
2026-02-24,2026-06-02,4.065,21.5,0,14,86
2026-02-24,2026-07-07,4.075,22.5,0,10,90
2026-02-24,2026-08-04,4.15,30.0,0,0,100
2026-02-24,2026-09-01,4.185,33.5,0,0,100
2026-02-24,2026-10-06,4.19,34.0,0,0,100
2026-02-24,2026-11-03,4.21,36.0,0,0,100
2026-02-24,2026-12-01,4.2,35.0,0,0,100
2026-02-24,2027-02-02,4.185,33.5,0,0,100
2026-02-24,2027-03-02,4.175,32.5,0,0,100
2026-02-24,2027-04-06,4.165,31.5,0,0,100
2026-02-24,2027-05-04,4.15,30.0,0,0,100
2026-02-24,2027-06-01,4.14,29.0,0,0,100
2026-02-24,2027-07-06,4.13,28.0,0,0,100
2026-02-25,2026-02-03,3.82,-3.0,0,100,0
2026-02-25,2026-03-03,3.865,1.5,0,100,0
2026-02-25,2026-04-07,3.89,4.0,0,100,0
2026-02-25,2026-05-05,4.05,20.0,0,20,80
2026-02-25,2026-06-02,4.085,23.5,0,6,94
2026-02-25,2026-07-07,4.105,25.5,0,0,100
2026-02-25,2026-08-04,4.185,33.5,0,0,100
2026-02-25,2026-09-01,4.225,37.5,0,0,100
2026-02-25,2026-10-06,4.23,38.0,0,0,100
2026-02-25,2026-11-03,4.25,40.0,0,0,100
2026-02-25,2026-12-01,4.25,40.0,0,0,100
2026-02-25,2027-02-02,4.235,38.5,0,0,100
2026-02-25,2027-03-02,4.225,37.5,0,0,100
2026-02-25,2027-04-06,4.21,36.0,0,0,100
2026-02-25,2027-05-04,4.195,34.5,0,0,100
2026-02-25,2027-06-01,4.19,34.0,0,0,100
2026-02-25,2027-07-06,4.18,33.0,0,0,100
2026-02-26,2026-03-03,3.86,1.0,0,100,0
2026-02-26,2026-04-07,3.87,2.0,0,100,0
2026-02-26,2026-05-05,4.03,18.0,0,28,72
2026-02-26,2026-06-02,4.075,22.5,0,10,90
2026-02-26,2026-07-07,4.09,24.0,0,4,96
2026-02-26,2026-08-04,4.165,31.5,0,0,100
2026-02-26,2026-09-01,4.205,35.5,0,0,100
2026-02-26,2026-10-06,4.215,36.5,0,0,100
2026-02-26,2026-11-03,4.24,39.0,0,0,100
2026-02-26,2026-12-01,4.235,38.5,0,0,100
2026-02-26,2027-02-02,4.22,37.0,0,0,100
2026-02-26,2027-03-02,4.21,36.0,0,0,100
2026-02-26,2027-04-06,4.195,34.5,0,0,100
2026-02-26,2027-05-04,4.175,32.5,0,0,100
2026-02-26,2027-06-01,4.17,32.0,0,0,100
2026-02-26,2027-07-06,4.16,31.0,0,0,100
2026-02-27,2026-03-03,3.86,1.0,0,100,0
2026-02-27,2026-04-07,3.875,2.5,0,100,0
2026-02-27,2026-05-05,4.025,17.5,0,30,70
2026-02-27,2026-06-02,4.07,22.0,0,12,88
2026-02-27,2026-07-07,4.08,23.0,0,8,92
2026-02-27,2026-08-04,4.15,30.0,0,0,100
2026-02-27,2026-09-01,4.185,33.5,0,0,100
2026-02-27,2026-10-06,4.19,34.0,0,0,100
2026-02-27,2026-11-03,4.215,36.5,0,0,100
2026-02-27,2026-12-01,4.21,36.0,0,0,100
2026-02-27,2027-02-02,4.195,34.5,0,0,100
2026-02-27,2027-03-02,4.185,33.5,0,0,100
2026-02-27,2027-04-06,4.165,31.5,0,0,100
2026-02-27,2027-05-04,4.145,29.5,0,0,100
2026-02-27,2027-06-01,4.135,28.5,0,0,100
2026-02-27,2027-07-06,4.115,26.5,0,0,100
2026-03-02,2026-03-03,3.85,0.0,0,100,0
2026-03-02,2026-04-07,3.855,0.5,0,100,0
2026-03-02,2026-05-05,4.015,16.5,0,34,66
2026-03-02,2026-06-02,4.05,20.0,0,20,80
2026-03-02,2026-07-07,4.065,21.5,0,14,86
2026-03-02,2026-08-04,4.13,28.0,0,0,100
2026-03-02,2026-09-01,4.165,31.5,0,0,100
2026-03-02,2026-10-06,4.175,32.5,0,0,100
2026-03-02,2026-11-03,4.2,35.0,0,0,100
2026-03-02,2026-12-01,4.195,34.5,0,0,100
2026-03-02,2027-02-02,4.18,33.0,0,0,100
2026-03-02,2027-03-02,4.165,31.5,0,0,100
2026-03-02,2027-04-06,4.145,29.5,0,0,100
2026-03-02,2027-05-04,4.125,27.5,0,0,100
2026-03-02,2027-06-01,4.11,26.0,0,0,100
2026-03-02,2027-07-06,4.09,24.0,0,4,96
2026-03-02,2027-08-03,4.075,22.5,0,10,90
2026-03-03,2026-03-03,3.88,3.0,0,100,0
2026-03-03,2026-04-07,3.93,8.0,0,68,32
2026-03-03,2026-05-05,4.085,23.5,0,6,94
2026-03-03,2026-06-02,4.13,28.0,0,0,100
2026-03-03,2026-07-07,4.15,30.0,0,0,100
2026-03-03,2026-08-04,4.22,37.0,0,0,100
2026-03-03,2026-09-01,4.255,40.5,0,0,100
2026-03-03,2026-10-06,4.285,43.5,0,0,100
2026-03-03,2026-11-03,4.305,45.5,0,0,100
2026-03-03,2026-12-01,4.31,46.0,0,0,100
2026-03-03,2027-02-02,4.305,45.5,0,0,100
2026-03-03,2027-03-02,4.295,44.5,0,0,100
2026-03-03,2027-04-06,4.28,43.0,0,0,100
2026-03-03,2027-05-04,4.26,41.0,0,0,100
2026-03-03,2027-06-01,4.25,40.0,0,0,100
2026-03-03,2027-07-06,4.235,38.5,0,0,100
2026-03-03,2027-08-03,4.225,37.5,0,0,100
2026-03-04,2026-03-03,3.865,1.5,0,100,0
2026-03-04,2026-04-07,3.895,4.5,0,100,0
2026-03-04,2026-05-05,4.06,21.0,0,16,84
2026-03-04,2026-06-02,4.105,25.5,0,0,100
2026-03-04,2026-07-07,4.13,28.0,0,0,100
2026-03-04,2026-08-04,4.2,35.0,0,0,100
2026-03-04,2026-09-01,4.235,38.5,0,0,100
2026-03-04,2026-10-06,4.25,40.0,0,0,100
2026-03-04,2026-11-03,4.275,42.5,0,0,100
2026-03-04,2026-12-01,4.28,43.0,0,0,100
2026-03-04,2027-02-02,4.27,42.0,0,0,100
2026-03-04,2027-03-02,4.26,41.0,0,0,100
2026-03-04,2027-04-06,4.245,39.5,0,0,100
2026-03-04,2027-05-04,4.225,37.5,0,0,100
2026-03-04,2027-06-01,4.22,37.0,0,0,100
2026-03-04,2027-07-06,4.205,35.5,0,0,100
2026-03-04,2027-08-03,4.195,34.5,0,0,100
2026-03-05,2026-03-03,3.875,2.5,0,100,0
2026-03-05,2026-04-07,3.91,6.0,0,76,24
2026-03-05,2026-05-05,4.065,21.5,0,14,86
2026-03-05,2026-06-02,4.12,27.0,0,0,100
2026-03-05,2026-07-07,4.145,29.5,0,0,100
2026-03-05,2026-08-04,4.22,37.0,0,0,100
2026-03-05,2026-09-01,4.27,42.0,0,0,100
2026-03-05,2026-10-06,4.29,44.0,0,0,100
2026-03-05,2026-11-03,4.325,47.5,0,0,100
2026-03-05,2026-12-01,4.33,48.0,0,0,100
2026-03-05,2027-02-02,4.325,47.5,0,0,100
2026-03-05,2027-03-02,4.315,46.5,0,0,100
2026-03-05,2027-04-06,4.305,45.5,0,0,100
2026-03-05,2027-05-04,4.285,43.5,0,0,100
2026-03-05,2027-06-01,4.28,43.0,0,0,100
2026-03-05,2027-07-06,4.265,41.5,0,0,100
2026-03-05,2027-08-03,4.26,41.0,0,0,100
2026-03-06,2026-03-03,3.875,2.5,0,100,0
2026-03-06,2026-04-07,3.91,6.0,0,76,24
2026-03-06,2026-05-05,4.075,22.5,0,10,90
2026-03-06,2026-06-02,4.13,28.0,0,0,100
2026-03-06,2026-07-07,4.15,30.0,0,0,100
2026-03-06,2026-08-04,4.245,39.5,0,0,100
2026-03-06,2026-09-01,4.295,44.5,0,0,100
2026-03-06,2026-10-06,4.315,46.5,0,0,100
2026-03-06,2026-11-03,4.36,51.0,0,0,100
2026-03-06,2026-12-01,4.365,51.5,0,0,100
2026-03-06,2027-02-02,4.365,51.5,0,0,100
2026-03-06,2027-03-02,4.36,51.0,0,0,100
2026-03-06,2027-04-06,4.355,50.5,0,0,100
2026-03-06,2027-05-04,4.345,49.5,0,0,100
2026-03-06,2027-06-01,4.34,49.0,0,0,100
2026-03-06,2027-07-06,4.325,47.5,0,0,100
2026-03-06,2027-08-03,4.32,47.0,0,0,100
2026-03-09,2026-03-03,3.875,2.5,0,100,0
2026-03-09,2026-04-07,3.92,7.0,0,72,28
2026-03-09,2026-05-05,4.08,23.0,0,8,92
2026-03-09,2026-06-02,4.145,29.5,0,0,100
2026-03-09,2026-07-07,4.185,33.5,0,0,100
2026-03-09,2026-08-04,4.285,43.5,0,0,100
2026-03-09,2026-09-01,4.35,50.0,0,0,100
2026-03-09,2026-10-06,4.395,54.5,0,0,100
2026-03-09,2026-11-03,4.455,60.5,0,0,100
2026-03-09,2026-12-01,4.47,62.0,0,0,100
2026-03-09,2027-02-02,4.48,63.0,0,0,100
2026-03-09,2027-03-02,4.48,63.0,0,0,100
2026-03-09,2027-04-06,4.485,63.5,0,0,100
2026-03-09,2027-05-04,4.485,63.5,0,0,100
2026-03-09,2027-06-01,4.48,63.0,0,0,100
2026-03-09,2027-07-06,4.475,62.5,0,0,100
2026-03-09,2027-08-03,4.475,62.5,0,0,100
2026-03-10,2026-03-03,3.885,3.5,0,100,0
2026-03-10,2026-04-07,3.935,8.5,0,66,34
2026-03-10,2026-05-05,4.075,22.5,0,10,90
2026-03-10,2026-06-02,4.135,28.5,0,0,100
2026-03-10,2026-07-07,4.175,32.5,0,0,100
2026-03-10,2026-08-04,4.27,42.0,0,0,100
2026-03-10,2026-09-01,4.33,48.0,0,0,100
2026-03-10,2026-10-06,4.365,51.5,0,0,100
2026-03-10,2026-11-03,4.42,57.0,0,0,100
2026-03-10,2026-12-01,4.43,58.0,0,0,100
2026-03-10,2027-02-02,4.43,58.0,0,0,100
2026-03-10,2027-03-02,4.43,58.0,0,0,100
2026-03-10,2027-04-06,4.425,57.5,0,0,100
2026-03-10,2027-05-04,4.41,56.0,0,0,100
2026-03-10,2027-06-01,4.405,55.5,0,0,100
2026-03-10,2027-07-06,4.385,53.5,0,0,100
2026-03-10,2027-08-03,4.38,53.0,0,0,100
2026-03-11,2026-03-03,3.92,7.0,0,72,28
2026-03-11,2026-04-07,4.01,16.0,0,36,64
2026-03-11,2026-05-05,4.15,30.0,0,0,100
2026-03-11,2026-06-02,4.195,34.5,0,0,100
2026-03-11,2026-07-07,4.225,37.5,0,0,100
2026-03-11,2026-08-04,4.305,45.5,0,0,100
2026-03-11,2026-09-01,4.35,50.0,0,0,100
2026-03-11,2026-10-06,4.395,54.5,0,0,100
2026-03-11,2026-11-03,4.43,58.0,0,0,100
2026-03-11,2026-12-01,4.43,58.0,0,0,100
2026-03-11,2027-02-02,4.425,57.5,0,0,100
2026-03-11,2027-03-02,4.42,57.0,0,0,100
2026-03-11,2027-04-06,4.41,56.0,0,0,100
2026-03-11,2027-05-04,4.39,54.0,0,0,100
2026-03-11,2027-06-01,4.38,53.0,0,0,100
2026-03-11,2027-07-06,4.355,50.5,0,0,100
2026-03-11,2027-08-03,4.345,49.5,0,0,100
2026-03-12,2026-03-03,3.925,7.5,0,70,30
2026-03-12,2026-04-07,4.015,16.5,0,34,66
2026-03-12,2026-05-05,4.165,31.5,0,0,100
2026-03-12,2026-06-02,4.21,36.0,0,0,100
2026-03-12,2026-07-07,4.235,38.5,0,0,100
2026-03-12,2026-08-04,4.33,48.0,0,0,100
2026-03-12,2026-09-01,4.39,54.0,0,0,100
2026-03-12,2026-10-06,4.455,60.5,0,0,100
2026-03-12,2026-11-03,4.515,66.5,0,0,100
2026-03-12,2026-12-01,4.52,67.0,0,0,100
2026-03-12,2027-02-02,4.515,66.5,0,0,100
2026-03-12,2027-03-02,4.51,66.0,0,0,100
2026-03-12,2027-04-06,4.5,65.0,0,0,100
2026-03-12,2027-05-04,4.485,63.5,0,0,100
2026-03-12,2027-06-01,4.47,62.0,0,0,100
2026-03-12,2027-07-06,4.45,60.0,0,0,100
2026-03-12,2027-08-03,4.44,59.0,0,0,100
2026-03-13,2026-03-03,3.93,8.0,0,68,32
2026-03-13,2026-04-07,4.02,17.0,0,32,68
2026-03-13,2026-05-05,4.165,31.5,0,0,100
2026-03-13,2026-06-02,4.215,36.5,0,0,100
2026-03-13,2026-07-07,4.245,39.5,0,0,100
2026-03-13,2026-08-04,4.34,49.0,0,0,100
2026-03-13,2026-09-01,4.4,55.0,0,0,100
2026-03-13,2026-10-06,4.46,61.0,0,0,100
2026-03-13,2026-11-03,4.525,67.5,0,0,100
2026-03-13,2026-12-01,4.54,69.0,0,0,100
2026-03-13,2027-02-02,4.54,69.0,0,0,100
2026-03-13,2027-03-02,4.535,68.5,0,0,100
2026-03-13,2027-04-06,4.525,67.5,0,0,100
2026-03-13,2027-05-04,4.505,65.5,0,0,100
2026-03-13,2027-06-01,4.49,64.0,0,0,100
2026-03-13,2027-07-06,4.47,62.0,0,0,100
2026-03-13,2027-08-03,4.46,61.0,0,0,100
2026-03-16,2026-03-03,3.915,6.5,0,74,26
2026-03-16,2026-04-07,4.005,15.5,0,38,62
2026-03-16,2026-05-05,4.15,30.0,0,0,100
2026-03-16,2026-06-02,4.205,35.5,0,0,100
2026-03-16,2026-07-07,4.24,39.0,0,0,100
2026-03-16,2026-08-04,4.345,49.5,0,0,100
2026-03-16,2026-09-01,4.405,55.5,0,0,100
2026-03-16,2026-10-06,4.465,61.5,0,0,100
2026-03-16,2026-11-03,4.55,70.0,0,0,100
2026-03-16,2026-12-01,4.57,72.0,0,0,100
2026-03-16,2027-02-02,4.575,72.5,0,0,100
2026-03-16,2027-03-02,4.575,72.5,0,0,100
2026-03-16,2027-04-06,4.57,72.0,0,0,100
2026-03-16,2027-05-04,4.555,70.5,0,0,100
2026-03-16,2027-06-01,4.545,69.5,0,0,100
2026-03-16,2027-07-06,4.52,67.0,0,0,100
2026-03-16,2027-08-03,4.51,66.0,0,0,100
2026-03-17,2026-03-03,3.96,11.0,0,56,44
2026-03-17,2026-04-07,4.095,24.5,0,2,98
2026-03-17,2026-05-05,4.22,37.0,0,0,100
2026-03-17,2026-06-02,4.27,42.0,0,0,100
2026-03-17,2026-07-07,4.305,45.5,0,0,100
2026-03-17,2026-08-04,4.38,53.0,0,0,100
2026-03-17,2026-09-01,4.43,58.0,0,0,100
2026-03-17,2026-10-06,4.49,64.0,0,0,100
2026-03-17,2026-11-03,4.555,70.5,0,0,100
2026-03-17,2026-12-01,4.565,71.5,0,0,100
2026-03-17,2027-02-02,4.565,71.5,0,0,100
2026-03-17,2027-03-02,4.56,71.0,0,0,100
2026-03-17,2027-04-06,4.555,70.5,0,0,100
2026-03-17,2027-05-04,4.53,68.0,0,0,100
2026-03-17,2027-06-01,4.515,66.5,0,0,100
2026-03-17,2027-07-06,4.485,63.5,0,0,100
2026-03-17,2027-08-03,4.465,61.5,0,0,100
2026-03-18,2026-03-03,3.96,11.0,0,56,44
2026-03-18,2026-04-07,4.095,24.5,0,2,98
2026-03-18,2026-05-05,4.22,37.0,0,0,100
2026-03-18,2026-06-02,4.27,42.0,0,0,100
2026-03-18,2026-07-07,4.305,45.5,0,0,100
2026-03-18,2026-08-04,4.38,53.0,0,0,100
2026-03-18,2026-09-01,4.425,57.5,0,0,100
2026-03-18,2026-10-06,4.48,63.0,0,0,100
2026-03-18,2026-11-03,4.535,68.5,0,0,100
2026-03-18,2026-12-01,4.54,69.0,0,0,100
2026-03-18,2027-02-02,4.535,68.5,0,0,100
2026-03-18,2027-03-02,4.525,67.5,0,0,100
2026-03-18,2027-04-06,4.515,66.5,0,0,100
2026-03-18,2027-05-04,4.49,64.0,0,0,100
2026-03-18,2027-06-01,4.475,62.5,0,0,100
2026-03-18,2027-07-06,4.45,60.0,0,0,100
2026-03-18,2027-08-03,4.43,58.0,0,0,100
2026-03-19,2026-03-03,3.96,11.0,0,56,44
2026-03-19,2026-04-07,4.095,24.5,0,2,98
2026-03-19,2026-05-05,4.24,39.0,0,0,100
2026-03-19,2026-06-02,4.305,45.5,0,0,100
2026-03-19,2026-07-07,4.355,50.5,0,0,100
2026-03-19,2026-08-04,4.45,60.0,0,0,100
2026-03-19,2026-09-01,4.51,66.0,0,0,100
2026-03-19,2026-10-06,4.575,72.5,0,0,100
2026-03-19,2026-11-03,4.64,79.0,0,0,100
2026-03-19,2026-12-01,4.645,79.5,0,0,100
2026-03-19,2027-02-02,4.645,79.5,0,0,100
2026-03-19,2027-03-02,4.64,79.0,0,0,100
2026-03-19,2027-04-06,4.635,78.5,0,0,100
2026-03-19,2027-05-04,4.615,76.5,0,0,100
2026-03-19,2027-06-01,4.6,75.0,0,0,100
2026-03-19,2027-07-06,4.575,72.5,0,0,100
2026-03-19,2027-08-03,4.56,71.0,0,0,100
2026-03-20,2026-03-03,3.96,11.0,0,56,44
2026-03-20,2026-04-07,4.095,24.5,0,2,98
2026-03-20,2026-05-05,4.25,40.0,0,0,100
2026-03-20,2026-06-02,4.335,48.5,0,0,100
2026-03-20,2026-07-07,4.405,55.5,0,0,100
2026-03-20,2026-08-04,4.515,66.5,0,0,100
2026-03-20,2026-09-01,4.58,73.0,0,0,100
2026-03-20,2026-10-06,4.725,87.5,0,0,100
2026-03-20,2026-11-03,4.81,96.0,0,0,100
2026-03-20,2026-12-01,4.83,98.0,0,0,100
2026-03-20,2027-02-02,4.84,99.0,0,0,100
2026-03-20,2027-03-02,4.845,99.5,0,0,100
2026-03-20,2027-04-06,4.84,99.0,0,0,100
2026-03-20,2027-05-04,4.82,97.0,0,0,100
2026-03-20,2027-06-01,4.81,96.0,0,0,100
2026-03-20,2027-07-06,4.78,93.0,0,0,100
2026-03-20,2027-08-03,4.765,91.5,0,0,100
2026-03-23,2026-03-03,3.96,-14.0,56,44,0
2026-03-23,2026-04-07,4.095,-0.5,0,100,0
2026-03-23,2026-05-05,4.25,15.0,0,40,60
2026-03-23,2026-06-02,4.32,22.0,0,12,88
2026-03-23,2026-07-07,4.4,30.0,0,0,100
2026-03-23,2026-08-04,4.5,40.0,0,0,100
2026-03-23,2026-09-01,4.58,48.0,0,0,100
2026-03-23,2026-10-06,4.72,62.0,0,0,100
2026-03-23,2026-11-03,4.825,72.5,0,0,100
2026-03-23,2026-12-01,4.83,73.0,0,0,100
2026-03-23,2027-02-02,4.84,74.0,0,0,100
2026-03-23,2027-03-02,4.865,76.5,0,0,100
2026-03-23,2027-04-06,4.865,76.5,0,0,100
2026-03-23,2027-05-04,4.845,74.5,0,0,100
2026-03-23,2027-06-01,4.81,71.0,0,0,100
2026-03-23,2027-07-06,4.805,70.5,0,0,100
2026-03-23,2027-08-03,4.785,68.5,0,0,100
2026-03-24,2026-03-03,3.96,-14.0,56,44,0
2026-03-24,2026-04-07,4.095,-0.5,0,100,0
2026-03-24,2026-05-05,4.215,11.5,0,54,46
2026-03-24,2026-06-02,4.29,19.0,0,24,76
2026-03-24,2026-07-07,4.345,24.5,0,2,98
2026-03-24,2026-08-04,4.46,36.0,0,0,100
2026-03-24,2026-09-01,4.53,43.0,0,0,100
2026-03-24,2026-10-06,4.66,56.0,0,0,100
2026-03-24,2026-11-03,4.75,65.0,0,0,100
2026-03-24,2026-12-01,4.76,66.0,0,0,100
2026-03-24,2027-02-02,4.76,66.0,0,0,100
2026-03-24,2027-03-02,4.76,66.0,0,0,100
2026-03-24,2027-04-06,4.755,65.5,0,0,100
2026-03-24,2027-05-04,4.73,63.0,0,0,100
2026-03-24,2027-06-01,4.72,62.0,0,0,100
2026-03-24,2027-07-06,4.695,59.5,0,0,100
2026-03-24,2027-08-03,4.675,57.5,0,0,100
2026-03-25,2026-03-03,3.96,-14.0,56,44,0
2026-03-25,2026-04-07,4.095,-0.5,0,100,0
2026-03-25,2026-05-05,4.22,12.0,0,52,48
2026-03-25,2026-06-02,4.275,17.5,0,30,70
2026-03-25,2026-07-07,4.315,21.5,0,14,86
2026-03-25,2026-08-04,4.415,31.5,0,0,100
2026-03-25,2026-09-01,4.475,37.5,0,0,100
2026-03-25,2026-10-06,4.58,48.0,0,0,100
2026-03-25,2026-11-03,4.655,55.5,0,0,100
2026-03-25,2026-12-01,4.66,56.0,0,0,100
2026-03-25,2027-02-02,4.655,55.5,0,0,100
2026-03-25,2027-03-02,4.655,55.5,0,0,100
2026-03-25,2027-04-06,4.65,55.0,0,0,100
2026-03-25,2027-05-04,4.625,52.5,0,0,100
2026-03-25,2027-06-01,4.615,51.5,0,0,100
2026-03-25,2027-07-06,4.585,48.5,0,0,100
2026-03-25,2027-08-03,4.565,46.5,0,0,100
2026-03-26,2026-03-03,3.96,-14.0,56,44,0
2026-03-26,2026-04-07,4.095,-0.5,0,100,0
2026-03-26,2026-05-05,4.25,15.0,0,40,60
2026-03-26,2026-06-02,4.32,22.0,0,12,88
2026-03-26,2026-07-07,4.38,28.0,0,0,100
2026-03-26,2026-08-04,4.485,38.5,0,0,100
2026-03-26,2026-09-01,4.555,45.5,0,0,100
2026-03-26,2026-10-06,4.68,58.0,0,0,100
2026-03-26,2026-11-03,4.76,66.0,0,0,100
2026-03-26,2026-12-01,4.765,66.5,0,0,100
2026-03-26,2027-02-02,4.76,66.0,0,0,100
2026-03-26,2027-03-02,4.755,65.5,0,0,100
2026-03-26,2027-04-06,4.75,65.0,0,0,100
2026-03-26,2027-05-04,4.725,62.5,0,0,100
2026-03-26,2027-06-01,4.715,61.5,0,0,100
2026-03-26,2027-07-06,4.685,58.5,0,0,100
2026-03-26,2027-08-03,4.665,56.5,0,0,100
2026-03-27,2026-03-03,3.96,-14.0,56,44,0
2026-03-27,2026-04-07,4.095,-0.5,0,100,0
2026-03-27,2026-05-05,4.245,14.5,0,42,58
2026-03-27,2026-06-02,4.325,22.5,0,10,90
2026-03-27,2026-07-07,4.38,28.0,0,0,100
2026-03-27,2026-08-04,4.5,40.0,0,0,100
2026-03-27,2026-09-01,4.575,47.5,0,0,100
2026-03-27,2026-10-06,4.71,61.0,0,0,100
2026-03-27,2026-11-03,4.805,70.5,0,0,100
2026-03-27,2026-12-01,4.825,72.5,0,0,100
2026-03-27,2027-02-02,4.83,73.0,0,0,100
2026-03-27,2027-03-02,4.835,73.5,0,0,100
2026-03-27,2027-04-06,4.84,74.0,0,0,100
2026-03-27,2027-05-04,4.825,72.5,0,0,100
2026-03-27,2027-06-01,4.815,71.5,0,0,100
2026-03-27,2027-07-06,4.795,69.5,0,0,100
2026-03-27,2027-08-03,4.775,67.5,0,0,100
2026-03-30,2026-04-07,4.095,-0.5,0,100,0
2026-03-30,2026-05-05,4.24,14.0,0,44,56
2026-03-30,2026-06-02,4.305,20.5,0,18,82
2026-03-30,2026-07-07,4.345,24.5,0,2,98
2026-03-30,2026-08-04,4.455,35.5,0,0,100
2026-03-30,2026-09-01,4.52,42.0,0,0,100
2026-03-30,2026-10-06,4.64,54.0,0,0,100
2026-03-30,2026-11-03,4.73,63.0,0,0,100
2026-03-30,2026-12-01,4.74,64.0,0,0,100
2026-03-30,2027-02-02,4.74,64.0,0,0,100
2026-03-30,2027-03-02,4.74,64.0,0,0,100
2026-03-30,2027-04-06,4.74,64.0,0,0,100
2026-03-30,2027-05-04,4.725,62.5,0,0,100
2026-03-30,2027-06-01,4.715,61.5,0,0,100
2026-03-30,2027-07-06,4.69,59.0,0,0,100
2026-03-30,2027-08-03,4.67,57.0,0,0,100
2026-03-31,2026-04-07,4.095,-0.5,0,100,0
2026-03-31,2026-05-05,4.235,13.5,0,46,54
2026-03-31,2026-06-02,4.295,19.5,0,22,78
2026-03-31,2026-07-07,4.33,23.0,0,8,92
2026-03-31,2026-08-04,4.44,34.0,0,0,100
2026-03-31,2026-09-01,4.505,40.5,0,0,100
2026-03-31,2026-10-06,4.615,51.5,0,0,100
2026-03-31,2026-11-03,4.695,59.5,0,0,100
2026-03-31,2026-12-01,4.695,59.5,0,0,100
2026-03-31,2027-02-02,4.69,59.0,0,0,100
2026-03-31,2027-03-02,4.685,58.5,0,0,100
2026-03-31,2027-04-06,4.68,58.0,0,0,100
2026-03-31,2027-05-04,4.665,56.5,0,0,100
2026-03-31,2027-06-01,4.65,55.0,0,0,100
2026-03-31,2027-07-06,4.625,52.5,0,0,100
2026-03-31,2027-08-03,4.61,51.0,0,0,100
2026-04-01,2026-04-07,4.095,-0.5,0,100,0
2026-04-01,2026-05-05,4.215,11.5,0,54,46
2026-04-01,2026-06-02,4.265,16.5,0,34,66
2026-04-01,2026-07-07,4.305,20.5,0,18,82
2026-04-01,2026-08-04,4.395,29.5,0,0,100
2026-04-01,2026-09-01,4.445,34.5,0,0,100
2026-04-01,2026-10-06,4.54,44.0,0,0,100
2026-04-01,2026-11-03,4.615,51.5,0,0,100
2026-04-01,2026-12-01,4.62,52.0,0,0,100
2026-04-01,2027-02-02,4.615,51.5,0,0,100
2026-04-01,2027-03-02,4.615,51.5,0,0,100
2026-04-01,2027-04-06,4.61,51.0,0,0,100
2026-04-01,2027-05-04,4.59,49.0,0,0,100
2026-04-01,2027-06-01,4.58,48.0,0,0,100
2026-04-01,2027-07-06,4.56,46.0,0,0,100
2026-04-01,2027-08-03,4.54,44.0,0,0,100
2026-04-01,2027-09-07,4.525,42.5,0,0,100
2026-04-02,2026-04-07,4.095,-0.5,0,100,0
2026-04-02,2026-05-05,4.235,13.5,0,46,54
2026-04-02,2026-06-02,4.295,19.5,0,22,78
2026-04-02,2026-07-07,4.34,24.0,0,4,96
2026-04-02,2026-08-04,4.455,35.5,0,0,100
2026-04-02,2026-09-01,4.525,42.5,0,0,100
2026-04-02,2026-10-06,4.64,54.0,0,0,100
2026-04-02,2026-11-03,4.72,62.0,0,0,100
2026-04-02,2026-12-01,4.74,64.0,0,0,100
2026-04-02,2027-02-02,4.75,65.0,0,0,100
2026-04-02,2027-03-02,4.755,65.5,0,0,100
2026-04-02,2027-04-06,4.755,65.5,0,0,100
2026-04-02,2027-05-04,4.74,64.0,0,0,100
2026-04-02,2027-06-01,4.73,63.0,0,0,100
2026-04-02,2027-07-06,4.71,61.0,0,0,100
2026-04-02,2027-08-03,4.695,59.5,0,0,100
2026-04-02,2027-09-07,4.68,58.0,0,0,100
2026-04-03,2026-04-07,4.095,-0.5,0,100,0
2026-04-03,2026-05-05,4.235,13.5,0,46,54
2026-04-03,2026-06-02,4.295,19.5,0,22,78
2026-04-03,2026-07-07,4.34,24.0,0,4,96
2026-04-03,2026-08-04,4.455,35.5,0,0,100
2026-04-03,2026-09-01,4.525,42.5,0,0,100
2026-04-03,2026-10-06,4.64,54.0,0,0,100
2026-04-03,2026-11-03,4.72,62.0,0,0,100
2026-04-03,2026-12-01,4.74,64.0,0,0,100
2026-04-03,2027-02-02,4.75,65.0,0,0,100
2026-04-03,2027-03-02,4.755,65.5,0,0,100
2026-04-03,2027-04-06,4.755,65.5,0,0,100
2026-04-03,2027-05-04,4.74,64.0,0,0,100
2026-04-03,2027-06-01,4.73,63.0,0,0,100
2026-04-03,2027-07-06,4.71,61.0,0,0,100
2026-04-03,2027-08-03,4.695,59.5,0,0,100
2026-04-03,2027-09-07,4.68,58.0,0,0,100
2026-04-06,2026-04-07,4.095,-0.5,0,100,0
2026-04-06,2026-05-05,4.235,13.5,0,46,54
2026-04-06,2026-06-02,4.295,19.5,0,22,78
2026-04-06,2026-07-07,4.34,24.0,0,4,96
2026-04-06,2026-08-04,4.455,35.5,0,0,100
2026-04-06,2026-09-01,4.525,42.5,0,0,100
2026-04-06,2026-10-06,4.64,54.0,0,0,100
2026-04-06,2026-11-03,4.72,62.0,0,0,100
2026-04-06,2026-12-01,4.74,64.0,0,0,100
2026-04-06,2027-02-02,4.75,65.0,0,0,100
2026-04-06,2027-03-02,4.755,65.5,0,0,100
2026-04-06,2027-04-06,4.755,65.5,0,0,100
2026-04-06,2027-05-04,4.74,64.0,0,0,100
2026-04-06,2027-06-01,4.73,63.0,0,0,100
2026-04-06,2027-07-06,4.71,61.0,0,0,100
2026-04-06,2027-08-03,4.695,59.5,0,0,100
2026-04-06,2027-09-07,4.68,58.0,0,0,100
2026-04-07,2026-04-07,4.095,-0.5,0,100,0
2026-04-07,2026-05-05,4.23,13.0,0,48,52
2026-04-07,2026-06-02,4.295,19.5,0,22,78
2026-04-07,2026-07-07,4.34,24.0,0,4,96
2026-04-07,2026-08-04,4.45,35.0,0,0,100
2026-04-07,2026-09-01,4.51,41.0,0,0,100
2026-04-07,2026-10-06,4.62,52.0,0,0,100
2026-04-07,2026-11-03,4.7,60.0,0,0,100
2026-04-07,2026-12-01,4.705,60.5,0,0,100
2026-04-07,2027-02-02,4.705,60.5,0,0,100
2026-04-07,2027-03-02,4.705,60.5,0,0,100
2026-04-07,2027-04-06,4.705,60.5,0,0,100
2026-04-07,2027-05-04,4.69,59.0,0,0,100
2026-04-07,2027-06-01,4.675,57.5,0,0,100
2026-04-07,2027-07-06,4.65,55.0,0,0,100
2026-04-07,2027-08-03,4.63,53.0,0,0,100
2026-04-07,2027-09-07,4.615,51.5,0,0,100
2026-04-08,2026-04-07,4.095,-0.5,0,100,0
2026-04-08,2026-05-05,4.225,12.5,0,50,50
2026-04-08,2026-06-02,4.28,18.0,0,28,72
2026-04-08,2026-07-07,4.305,20.5,0,18,82
2026-04-08,2026-08-04,4.41,31.0,0,0,100
2026-04-08,2026-09-01,4.465,36.5,0,0,100
2026-04-08,2026-10-06,4.535,43.5,0,0,100
2026-04-08,2026-11-03,4.6,50.0,0,0,100
2026-04-08,2026-12-01,4.605,50.5,0,0,100
2026-04-08,2027-02-02,4.6,50.0,0,0,100
2026-04-08,2027-03-02,4.595,49.5,0,0,100
2026-04-08,2027-04-06,4.59,49.0,0,0,100
2026-04-08,2027-05-04,4.57,47.0,0,0,100
2026-04-08,2027-06-01,4.555,45.5,0,0,100
2026-04-08,2027-07-06,4.53,43.0,0,0,100
2026-04-08,2027-08-03,4.51,41.0,0,0,100
2026-04-08,2027-09-07,4.495,39.5,0,0,100
2026-04-09,2026-04-07,4.095,-0.5,0,100,0
2026-04-09,2026-05-05,4.23,13.0,0,48,52
2026-04-09,2026-06-02,4.28,18.0,0,28,72
2026-04-09,2026-07-07,4.325,22.5,0,10,90
2026-04-09,2026-08-04,4.425,32.5,0,0,100
2026-04-09,2026-09-01,4.485,38.5,0,0,100
2026-04-09,2026-10-06,4.56,46.0,0,0,100
2026-04-09,2026-11-03,4.635,53.5,0,0,100
2026-04-09,2026-12-01,4.64,54.0,0,0,100
2026-04-09,2027-02-02,4.64,54.0,0,0,100
2026-04-09,2027-03-02,4.64,54.0,0,0,100
2026-04-09,2027-04-06,4.635,53.5,0,0,100
2026-04-09,2027-05-04,4.615,51.5,0,0,100
2026-04-09,2027-06-01,4.6,50.0,0,0,100
2026-04-09,2027-07-06,4.575,47.5,0,0,100
2026-04-09,2027-08-03,4.56,46.0,0,0,100
2026-04-09,2027-09-07,4.545,44.5,0,0,100
2026-04-10,2026-04-07,4.095,-0.5,0,100,0
2026-04-10,2026-05-05,4.235,13.5,0,46,54
2026-04-10,2026-06-02,4.29,19.0,0,24,76
2026-04-10,2026-07-07,4.33,23.0,0,8,92
2026-04-10,2026-08-04,4.43,33.0,0,0,100
2026-04-10,2026-09-01,4.49,39.0,0,0,100
2026-04-10,2026-10-06,4.58,48.0,0,0,100
2026-04-10,2026-11-03,4.66,56.0,0,0,100
2026-04-10,2026-12-01,4.67,57.0,0,0,100
2026-04-10,2027-02-02,4.67,57.0,0,0,100
2026-04-10,2027-03-02,4.67,57.0,0,0,100
2026-04-10,2027-04-06,4.67,57.0,0,0,100
2026-04-10,2027-05-04,4.655,55.5,0,0,100
2026-04-10,2027-06-01,4.64,54.0,0,0,100
2026-04-10,2027-07-06,4.62,52.0,0,0,100
2026-04-10,2027-08-03,4.6,50.0,0,0,100
2026-04-10,2027-09-07,4.585,48.5,0,0,100
2026-04-13,2026-04-07,4.095,-0.5,0,100,0
2026-04-13,2026-05-05,4.23,13.0,0,48,52
2026-04-13,2026-06-02,4.295,19.5,0,22,78
2026-04-13,2026-07-07,4.34,24.0,0,4,96
2026-04-13,2026-08-04,4.45,35.0,0,0,100
2026-04-13,2026-09-01,4.51,41.0,0,0,100
2026-04-13,2026-10-06,4.615,51.5,0,0,100
2026-04-13,2026-11-03,4.695,59.5,0,0,100
2026-04-13,2026-12-01,4.705,60.5,0,0,100
2026-04-13,2027-02-02,4.725,62.5,0,0,100
2026-04-13,2027-03-02,4.73,63.0,0,0,100
2026-04-13,2027-04-06,4.73,63.0,0,0,100
2026-04-13,2027-05-04,4.71,61.0,0,0,100
2026-04-13,2027-06-01,4.695,59.5,0,0,100
2026-04-13,2027-07-06,4.665,56.5,0,0,100
2026-04-13,2027-08-03,4.645,54.5,0,0,100
2026-04-13,2027-09-07,4.63,53.0,0,0,100
2026-04-14,2026-04-07,4.095,-0.5,0,100,0
2026-04-14,2026-05-05,4.235,13.5,0,46,54
2026-04-14,2026-06-02,4.29,19.0,0,24,76
2026-04-14,2026-07-07,4.32,22.0,0,12,88
2026-04-14,2026-08-04,4.425,32.5,0,0,100
2026-04-14,2026-09-01,4.48,38.0,0,0,100
2026-04-14,2026-10-06,4.57,47.0,0,0,100
2026-04-14,2026-11-03,4.645,54.5,0,0,100
2026-04-14,2026-12-01,4.655,55.5,0,0,100
2026-04-14,2027-02-02,4.65,55.0,0,0,100
2026-04-14,2027-03-02,4.65,55.0,0,0,100
2026-04-14,2027-04-06,4.645,54.5,0,0,100
2026-04-14,2027-05-04,4.625,52.5,0,0,100
2026-04-14,2027-06-01,4.61,51.0,0,0,100
2026-04-14,2027-07-06,4.585,48.5,0,0,100
2026-04-14,2027-08-03,4.565,46.5,0,0,100
2026-04-14,2027-09-07,4.545,44.5,0,0,100
2026-04-15,2026-04-07,4.095,-0.5,0,100,0
2026-04-15,2026-05-05,4.24,14.0,0,44,56
2026-04-15,2026-06-02,4.295,19.5,0,22,78
2026-04-15,2026-07-07,4.325,22.5,0,10,90
2026-04-15,2026-08-04,4.425,32.5,0,0,100
2026-04-15,2026-09-01,4.48,38.0,0,0,100
2026-04-15,2026-10-06,4.555,45.5,0,0,100
2026-04-15,2026-11-03,4.62,52.0,0,0,100
2026-04-15,2026-12-01,4.615,51.5,0,0,100
2026-04-15,2027-02-02,4.625,52.5,0,0,100
2026-04-15,2027-03-02,4.62,52.0,0,0,100
2026-04-15,2027-04-06,4.61,51.0,0,0,100
2026-04-15,2027-05-04,4.59,49.0,0,0,100
2026-04-15,2027-06-01,4.58,48.0,0,0,100
2026-04-15,2027-07-06,4.555,45.5,0,0,100
2026-04-15,2027-08-03,4.535,43.5,0,0,100
2026-04-15,2027-09-07,4.52,42.0,0,0,100
2026-04-16,2026-04-07,4.095,-0.5,0,100,0
2026-04-16,2026-05-05,4.25,15.0,0,40,60
2026-04-16,2026-06-02,4.305,20.5,0,18,82
2026-04-16,2026-07-07,4.34,24.0,0,4,96
2026-04-16,2026-08-04,4.44,34.0,0,0,100
2026-04-16,2026-09-01,4.495,39.5,0,0,100
2026-04-16,2026-10-06,4.57,47.0,0,0,100
2026-04-16,2026-11-03,4.635,53.5,0,0,100
2026-04-16,2026-12-01,4.645,54.5,0,0,100
2026-04-16,2027-02-02,4.64,54.0,0,0,100
2026-04-16,2027-03-02,4.64,54.0,0,0,100
2026-04-16,2027-04-06,4.63,53.0,0,0,100
2026-04-16,2027-05-04,4.61,51.0,0,0,100
2026-04-16,2027-06-01,4.595,49.5,0,0,100
2026-04-16,2027-07-06,4.57,47.0,0,0,100
2026-04-16,2027-08-03,4.55,45.0,0,0,100
2026-04-16,2027-09-07,4.535,43.5,0,0,100
2026-04-17,2026-04-07,4.095,-0.5,0,100,0
2026-04-17,2026-05-05,4.25,15.0,0,40,60
2026-04-17,2026-06-02,4.325,22.5,0,10,90
2026-04-17,2026-07-07,4.36,26.0,0,0,100
2026-04-17,2026-08-04,4.46,36.0,0,0,100
2026-04-17,2026-09-01,4.515,41.5,0,0,100
2026-04-17,2026-10-06,4.595,49.5,0,0,100
2026-04-17,2026-11-03,4.66,56.0,0,0,100
2026-04-17,2026-12-01,4.665,56.5,0,0,100
2026-04-17,2027-02-02,4.665,56.5,0,0,100
2026-04-17,2027-03-02,4.66,56.0,0,0,100
2026-04-17,2027-04-06,4.655,55.5,0,0,100
2026-04-17,2027-05-04,4.63,53.0,0,0,100
2026-04-17,2027-06-01,4.62,52.0,0,0,100
2026-04-17,2027-07-06,4.595,49.5,0,0,100
2026-04-17,2027-08-03,4.58,48.0,0,0,100
2026-04-17,2027-09-07,4.565,46.5,0,0,100
2026-04-20,2026-04-07,4.095,-0.5,0,100,0
2026-04-20,2026-05-05,4.25,15.0,0,40,60
2026-04-20,2026-06-02,4.31,21.0,0,16,84
2026-04-20,2026-07-07,4.345,24.5,0,2,98
2026-04-20,2026-08-04,4.43,33.0,0,0,100
2026-04-20,2026-09-01,4.475,37.5,0,0,100
2026-04-20,2026-10-06,4.54,44.0,0,0,100
2026-04-20,2026-11-03,4.595,49.5,0,0,100
2026-04-20,2026-12-01,4.6,50.0,0,0,100
2026-04-20,2027-02-02,4.595,49.5,0,0,100
2026-04-20,2027-03-02,4.59,49.0,0,0,100
2026-04-20,2027-04-06,4.58,48.0,0,0,100
2026-04-20,2027-05-04,4.56,46.0,0,0,100
2026-04-20,2027-06-01,4.55,45.0,0,0,100
2026-04-20,2027-07-06,4.53,43.0,0,0,100
2026-04-20,2027-08-03,4.51,41.0,0,0,100
2026-04-20,2027-09-07,4.495,39.5,0,0,100
2026-04-21,2026-04-07,4.095,-0.5,0,100,0
2026-04-21,2026-05-05,4.25,15.0,0,40,60
2026-04-21,2026-06-02,4.305,20.5,0,18,82
2026-04-21,2026-07-07,4.345,24.5,0,2,98
2026-04-21,2026-08-04,4.43,33.0,0,0,100
2026-04-21,2026-09-01,4.475,37.5,0,0,100
2026-04-21,2026-10-06,4.525,42.5,0,0,100
2026-04-21,2026-11-03,4.585,48.5,0,0,100
2026-04-21,2026-12-01,4.585,48.5,0,0,100
2026-04-21,2027-02-02,4.575,47.5,0,0,100
2026-04-21,2027-03-02,4.565,46.5,0,0,100
2026-04-21,2027-04-06,4.555,45.5,0,0,100
2026-04-21,2027-05-04,4.53,43.0,0,0,100
2026-04-21,2027-06-01,4.515,41.5,0,0,100
2026-04-21,2027-07-06,4.49,39.0,0,0,100
2026-04-21,2027-08-03,4.475,37.5,0,0,100
2026-04-21,2027-09-07,4.46,36.0,0,0,100
2026-04-22,2026-04-07,4.095,-0.5,0,100,0
2026-04-22,2026-05-05,4.25,15.0,0,40,60
2026-04-22,2026-06-02,4.31,21.0,0,16,84
2026-04-22,2026-07-07,4.355,25.5,0,0,100
2026-04-22,2026-08-04,4.44,34.0,0,0,100
2026-04-22,2026-09-01,4.495,39.5,0,0,100
2026-04-22,2026-10-06,4.56,46.0,0,0,100
2026-04-22,2026-11-03,4.61,51.0,0,0,100
2026-04-22,2026-12-01,4.63,53.0,0,0,100
2026-04-22,2027-02-02,4.625,52.5,0,0,100
2026-04-22,2027-03-02,4.615,51.5,0,0,100
2026-04-22,2027-04-06,4.605,50.5,0,0,100
2026-04-22,2027-05-04,4.58,48.0,0,0,100
2026-04-22,2027-06-01,4.57,47.0,0,0,100
2026-04-22,2027-07-06,4.545,44.5,0,0,100
2026-04-22,2027-08-03,4.53,43.0,0,0,100
2026-04-22,2027-09-07,4.515,41.5,0,0,100
2026-04-23,2026-04-07,4.095,-0.5,0,100,0
2026-04-23,2026-05-05,4.245,14.5,0,42,58
2026-04-23,2026-06-02,4.31,21.0,0,16,84
2026-04-23,2026-07-07,4.36,26.0,0,0,100
2026-04-23,2026-08-04,4.46,36.0,0,0,100
2026-04-23,2026-09-01,4.52,42.0,0,0,100
2026-04-23,2026-10-06,4.6,50.0,0,0,100
2026-04-23,2026-11-03,4.68,58.0,0,0,100
2026-04-23,2026-12-01,4.695,59.5,0,0,100
2026-04-23,2027-02-02,4.695,59.5,0,0,100
2026-04-23,2027-03-02,4.69,59.0,0,0,100
2026-04-23,2027-04-06,4.685,58.5,0,0,100
2026-04-23,2027-05-04,4.665,56.5,0,0,100
2026-04-23,2027-06-01,4.655,55.5,0,0,100
2026-04-23,2027-07-06,4.635,53.5,0,0,100
2026-04-23,2027-08-03,4.62,52.0,0,0,100
2026-04-23,2027-09-07,4.6,50.0,0,0,100
2026-04-24,2026-04-07,4.095,-0.5,0,100,0
2026-04-24,2026-05-05,4.255,15.5,0,38,62
2026-04-24,2026-06-02,4.325,22.5,0,10,90
2026-04-24,2026-07-07,4.36,26.0,0,0,100
2026-04-24,2026-08-04,4.46,36.0,0,0,100
2026-04-24,2026-09-01,4.52,42.0,0,0,100
2026-04-24,2026-10-06,4.615,51.5,0,0,100
2026-04-24,2026-11-03,4.695,59.5,0,0,100
2026-04-24,2026-12-01,4.71,61.0,0,0,100
2026-04-24,2027-02-02,4.71,61.0,0,0,100
2026-04-24,2027-03-02,4.705,60.5,0,0,100
2026-04-24,2027-04-06,4.695,59.5,0,0,100
2026-04-24,2027-05-04,4.68,58.0,0,0,100
2026-04-24,2027-06-01,4.67,57.0,0,0,100
2026-04-24,2027-07-06,4.65,55.0,0,0,100
2026-04-24,2027-08-03,4.63,53.0,0,0,100
2026-04-24,2027-09-07,4.615,51.5,0,0,100
2026-04-27,2026-04-07,4.095,-0.5,0,100,0
2026-04-27,2026-05-05,4.26,16.0,0,36,64
2026-04-27,2026-06-02,4.33,23.0,0,8,92
2026-04-27,2026-07-07,4.365,26.5,0,0,100
2026-04-27,2026-08-04,4.465,36.5,0,0,100
2026-04-27,2026-09-01,4.525,42.5,0,0,100
2026-04-27,2026-10-06,4.62,52.0,0,0,100
2026-04-27,2026-11-03,4.7,60.0,0,0,100
2026-04-27,2026-12-01,4.715,61.5,0,0,100
2026-04-27,2027-02-02,4.715,61.5,0,0,100
2026-04-27,2027-03-02,4.71,61.0,0,0,100
2026-04-27,2027-04-06,4.7,60.0,0,0,100
2026-04-27,2027-05-04,4.685,58.5,0,0,100
2026-04-27,2027-06-01,4.675,57.5,0,0,100
2026-04-27,2027-07-06,4.655,55.5,0,0,100
2026-04-27,2027-08-03,4.635,53.5,0,0,100
2026-04-27,2027-09-07,4.62,52.0,0,0,100
2026-04-28,2026-04-07,4.095,-0.5,0,100,0
2026-04-28,2026-05-05,4.26,16.0,0,36,64
2026-04-28,2026-06-02,4.335,23.5,0,6,94
2026-04-28,2026-07-07,4.39,29.0,0,0,100
2026-04-28,2026-08-04,4.495,39.5,0,0,100
2026-04-28,2026-09-01,4.555,45.5,0,0,100
2026-04-28,2026-10-06,4.645,54.5,0,0,100
2026-04-28,2026-11-03,4.73,63.0,0,0,100
2026-04-28,2026-12-01,4.745,64.5,0,0,100
2026-04-28,2027-02-02,4.75,65.0,0,0,100
2026-04-28,2027-03-02,4.745,64.5,0,0,100
2026-04-28,2027-04-06,4.74,64.0,0,0,100
2026-04-28,2027-05-04,4.72,62.0,0,0,100
2026-04-28,2027-06-01,4.71,61.0,0,0,100
2026-04-28,2027-07-06,4.69,59.0,0,0,100
2026-04-28,2027-08-03,4.67,57.0,0,0,100
2026-04-28,2027-09-07,4.655,55.5,0,0,100
2026-04-29,2026-05-05,4.245,14.5,0,42,58
2026-04-29,2026-06-02,4.315,21.5,0,14,86
2026-04-29,2026-07-07,4.355,25.5,0,0,100
2026-04-29,2026-08-04,4.46,36.0,0,0,100
2026-04-29,2026-09-01,4.515,41.5,0,0,100
2026-04-29,2026-10-06,4.6,50.0,0,0,100
2026-04-29,2026-11-03,4.68,58.0,0,0,100
2026-04-29,2026-12-01,4.7,60.0,0,0,100
2026-04-29,2027-02-02,4.705,60.5,0,0,100
2026-04-29,2027-03-02,4.705,60.5,0,0,100
2026-04-29,2027-04-06,4.69,59.0,0,0,100
2026-04-29,2027-05-04,4.67,57.0,0,0,100
2026-04-29,2027-06-01,4.66,56.0,0,0,100
2026-04-29,2027-07-06,4.64,54.0,0,0,100
2026-04-29,2027-08-03,4.625,52.5,0,0,100
2026-04-29,2027-09-07,4.61,51.0,0,0,100
2026-04-30,2026-05-05,4.26,16.0,0,36,64
2026-04-30,2026-06-02,4.335,23.5,0,6,94
2026-04-30,2026-07-07,4.385,28.5,0,0,100
2026-04-30,2026-08-04,4.495,39.5,0,0,100
2026-04-30,2026-09-01,4.56,46.0,0,0,100
2026-04-30,2026-10-06,4.67,57.0,0,0,100
2026-04-30,2026-11-03,4.76,66.0,0,0,100
2026-04-30,2026-12-01,4.78,68.0,0,0,100
2026-04-30,2027-02-02,4.795,69.5,0,0,100
2026-04-30,2027-03-02,4.8,70.0,0,0,100
2026-04-30,2027-04-06,4.795,69.5,0,0,100
2026-04-30,2027-05-04,4.785,68.5,0,0,100
2026-04-30,2027-06-01,4.775,67.5,0,0,100
2026-04-30,2027-07-06,4.76,66.0,0,0,100
2026-04-30,2027-08-03,4.74,64.0,0,0,100
2026-04-30,2027-09-07,4.725,62.5,0,0,100
2026-05-01,2026-05-05,4.255,15.5,0,38,62
2026-05-01,2026-06-02,4.32,22.0,0,12,88
2026-05-01,2026-07-07,4.37,27.0,0,0,100
2026-05-01,2026-08-04,4.485,38.5,0,0,100
2026-05-01,2026-09-01,4.55,45.0,0,0,100
2026-05-01,2026-10-06,4.64,54.0,0,0,100
2026-05-01,2026-11-03,4.725,62.5,0,0,100
2026-05-01,2026-12-01,4.74,64.0,0,0,100
2026-05-01,2027-02-02,4.755,65.5,0,0,100
2026-05-01,2027-03-02,4.755,65.5,0,0,100
2026-05-01,2027-04-06,4.745,64.5,0,0,100
2026-05-01,2027-05-04,4.725,62.5,0,0,100
2026-05-01,2027-06-01,4.71,61.0,0,0,100
2026-05-01,2027-07-06,4.69,59.0,0,0,100
2026-05-01,2027-08-03,4.67,57.0,0,0,100
2026-05-01,2027-09-07,4.655,55.5,0,0,100
2026-05-01,2027-10-05,4.635,53.5,0,0,100
2026-05-04,2026-05-05,4.26,16.0,0,36,64
2026-05-04,2026-06-02,4.325,22.5,0,10,90
2026-05-04,2026-07-07,4.365,26.5,0,0,100
2026-05-04,2026-08-04,4.47,37.0,0,0,100
2026-05-04,2026-09-01,4.53,43.0,0,0,100
2026-05-04,2026-10-06,4.615,51.5,0,0,100
2026-05-04,2026-11-03,4.695,59.5,0,0,100
2026-05-04,2026-12-01,4.715,61.5,0,0,100
2026-05-04,2027-02-02,4.73,63.0,0,0,100
2026-05-04,2027-03-02,4.725,62.5,0,0,100
2026-05-04,2027-04-06,4.71,61.0,0,0,100
2026-05-04,2027-05-04,4.685,58.5,0,0,100
2026-05-04,2027-06-01,4.67,57.0,0,0,100
2026-05-04,2027-07-06,4.65,55.0,0,0,100
2026-05-04,2027-08-03,4.63,53.0,0,0,100
2026-05-04,2027-09-07,4.615,51.5,0,0,100
2026-05-04,2027-10-05,4.595,49.5,0,0,100
2026-05-05,2026-05-05,4.305,20.5,0,18,82
2026-05-05,2026-06-02,4.37,27.0,0,0,100
2026-05-05,2026-07-07,4.39,29.0,0,0,100
2026-05-05,2026-08-04,4.48,38.0,0,0,100
2026-05-05,2026-09-01,4.53,43.0,0,0,100
2026-05-05,2026-10-06,4.605,50.5,0,0,100
2026-05-05,2026-11-03,4.67,57.0,0,0,100
2026-05-05,2026-12-01,4.68,58.0,0,0,100
2026-05-05,2027-02-02,4.69,59.0,0,0,100
2026-05-05,2027-03-02,4.69,59.0,0,0,100
2026-05-05,2027-04-06,4.675,57.5,0,0,100
2026-05-05,2027-05-04,4.65,55.0,0,0,100
2026-05-05,2027-06-01,4.635,53.5,0,0,100
2026-05-05,2027-07-06,4.61,51.0,0,0,100
2026-05-05,2027-08-03,4.585,48.5,0,0,100
2026-05-05,2027-09-07,4.565,46.5,0,0,100
2026-05-05,2027-10-05,4.545,44.5,0,0,100
2026-05-06,2026-05-05,4.305,20.5,0,18,82
2026-05-06,2026-06-02,4.38,28.0,0,0,100
2026-05-06,2026-07-07,4.395,29.5,0,0,100
2026-05-06,2026-08-04,4.485,38.5,0,0,100
2026-05-06,2026-09-01,4.54,44.0,0,0,100
2026-05-06,2026-10-06,4.6,50.0,0,0,100
2026-05-06,2026-11-03,4.67,57.0,0,0,100
2026-05-06,2026-12-01,4.68,58.0,0,0,100
2026-05-06,2027-02-02,4.685,58.5,0,0,100
2026-05-06,2027-03-02,4.685,58.5,0,0,100
2026-05-06,2027-04-06,4.665,56.5,0,0,100
2026-05-06,2027-05-04,4.645,54.5,0,0,100
2026-05-06,2027-06-01,4.635,53.5,0,0,100
2026-05-06,2027-07-06,4.615,51.5,0,0,100
2026-05-06,2027-08-03,4.6,50.0,0,0,100
2026-05-06,2027-09-07,4.58,48.0,0,0,100
2026-05-06,2027-10-05,4.56,46.0,0,0,100
2026-05-07,2026-05-05,4.305,20.5,0,18,82
2026-05-07,2026-06-02,4.37,27.0,0,0,100
2026-05-07,2026-07-07,4.39,29.0,0,0,100
2026-05-07,2026-08-04,4.48,38.0,0,0,100
2026-05-07,2026-09-01,4.53,43.0,0,0,100
2026-05-07,2026-10-06,4.585,48.5,0,0,100
2026-05-07,2026-11-03,4.645,54.5,0,0,100
2026-05-07,2026-12-01,4.66,56.0,0,0,100
2026-05-07,2027-02-02,4.665,56.5,0,0,100
2026-05-07,2027-03-02,4.66,56.0,0,0,100
2026-05-07,2027-04-06,4.64,54.0,0,0,100
2026-05-07,2027-05-04,4.62,52.0,0,0,100
2026-05-07,2027-06-01,4.61,51.0,0,0,100
2026-05-07,2027-07-06,4.585,48.5,0,0,100
2026-05-07,2027-08-03,4.57,47.0,0,0,100
2026-05-07,2027-09-07,4.55,45.0,0,0,100
2026-05-07,2027-10-05,4.535,43.5,0,0,100
2026-05-08,2026-05-05,4.305,20.5,0,18,82
2026-05-08,2026-06-02,4.37,27.0,0,0,100
2026-05-08,2026-07-07,4.4,30.0,0,0,100
2026-05-08,2026-08-04,4.49,39.0,0,0,100
2026-05-08,2026-09-01,4.545,44.5,0,0,100
2026-05-08,2026-10-06,4.62,52.0,0,0,100
2026-05-08,2026-11-03,4.68,58.0,0,0,100
2026-05-08,2026-12-01,4.695,59.5,0,0,100
2026-05-08,2027-02-02,4.705,60.5,0,0,100
2026-05-08,2027-03-02,4.7,60.0,0,0,100
2026-05-08,2027-04-06,4.685,58.5,0,0,100
2026-05-08,2027-05-04,4.665,56.5,0,0,100
2026-05-08,2027-06-01,4.655,55.5,0,0,100
2026-05-08,2027-07-06,4.635,53.5,0,0,100
2026-05-08,2027-08-03,4.615,51.5,0,0,100
2026-05-08,2027-09-07,4.6,50.0,0,0,100
2026-05-08,2027-10-05,4.585,48.5,0,0,100
2026-05-11,2026-05-05,4.305,-4.5,0,100,0
2026-05-11,2026-06-02,4.37,2.0,0,100,0
2026-05-11,2026-07-07,4.39,4.0,0,100,0
2026-05-11,2026-08-04,4.49,14.0,0,44,56
2026-05-11,2026-09-01,4.545,19.5,0,22,78
2026-05-11,2026-10-06,4.625,27.5,0,0,100
2026-05-11,2026-11-03,4.695,34.5,0,0,100
2026-05-11,2026-12-01,4.71,36.0,0,0,100
2026-05-11,2027-02-02,4.72,37.0,0,0,100
2026-05-11,2027-03-02,4.72,37.0,0,0,100
2026-05-11,2027-04-06,4.71,36.0,0,0,100
2026-05-11,2027-05-04,4.69,34.0,0,0,100
2026-05-11,2027-06-01,4.68,33.0,0,0,100
2026-05-11,2027-07-06,4.66,31.0,0,0,100
2026-05-11,2027-08-03,4.64,29.0,0,0,100
2026-05-11,2027-09-07,4.625,27.5,0,0,100
2026-05-11,2027-10-05,4.61,26.0,0,0,100
2026-05-12,2026-05-05,4.305,-4.5,0,100,0
2026-05-12,2026-06-02,4.37,2.0,0,100,0
2026-05-12,2026-07-07,4.4,5.0,0,100,0
2026-05-12,2026-08-04,4.495,14.5,0,42,58
2026-05-12,2026-09-01,4.555,20.5,0,18,82
2026-05-12,2026-10-06,4.635,28.5,0,0,100
2026-05-12,2026-11-03,4.71,36.0,0,0,100
2026-05-12,2026-12-01,4.73,38.0,0,0,100
2026-05-12,2027-02-02,4.735,38.5,0,0,100
2026-05-12,2027-03-02,4.735,38.5,0,0,100
2026-05-12,2027-04-06,4.725,37.5,0,0,100
2026-05-12,2027-05-04,4.71,36.0,0,0,100
2026-05-12,2027-06-01,4.7,35.0,0,0,100
2026-05-12,2027-07-06,4.68,33.0,0,0,100
2026-05-12,2027-08-03,4.66,31.0,0,0,100
2026-05-12,2027-09-07,4.645,29.5,0,0,100
2026-05-12,2027-10-05,4.63,28.0,0,0,100
2026-05-13,2026-05-05,4.305,-4.5,0,100,0
2026-05-13,2026-06-02,4.37,2.0,0,100,0
2026-05-13,2026-07-07,4.4,5.0,0,100,0
2026-05-13,2026-08-04,4.515,16.5,0,34,66
2026-05-13,2026-09-01,4.58,23.0,0,8,92
2026-05-13,2026-10-06,4.66,31.0,0,0,100
2026-05-13,2026-11-03,4.745,39.5,0,0,100
2026-05-13,2026-12-01,4.765,41.5,0,0,100
2026-05-13,2027-02-02,4.77,42.0,0,0,100
2026-05-13,2027-03-02,4.77,42.0,0,0,100
2026-05-13,2027-04-06,4.765,41.5,0,0,100
2026-05-13,2027-05-04,4.745,39.5,0,0,100
2026-05-13,2027-06-01,4.735,38.5,0,0,100
2026-05-13,2027-07-06,4.71,36.0,0,0,100
2026-05-13,2027-08-03,4.695,34.5,0,0,100
2026-05-13,2027-09-07,4.68,33.0,0,0,100
2026-05-13,2027-10-05,4.665,31.5,0,0,100
2026-05-14,2026-05-05,4.305,-4.5,0,100,0
2026-05-14,2026-06-02,4.365,1.5,0,100,0
2026-05-14,2026-07-07,4.395,4.5,0,100,0
2026-05-14,2026-08-04,4.495,14.5,0,42,58
2026-05-14,2026-09-01,4.555,20.5,0,18,82
2026-05-14,2026-10-06,4.625,27.5,0,0,100
2026-05-14,2026-11-03,4.685,33.5,0,0,100
2026-05-14,2026-12-01,4.705,35.5,0,0,100
2026-05-14,2027-02-02,4.71,36.0,0,0,100
2026-05-14,2027-03-02,4.71,36.0,0,0,100
2026-05-14,2027-04-06,4.69,34.0,0,0,100
2026-05-14,2027-05-04,4.67,32.0,0,0,100
2026-05-14,2027-06-01,4.66,31.0,0,0,100
2026-05-14,2027-07-06,4.635,28.5,0,0,100
2026-05-14,2027-08-03,4.62,27.0,0,0,100
2026-05-14,2027-09-07,4.605,25.5,0,0,100
2026-05-14,2027-10-05,4.59,24.0,0,4,96
2026-05-15,2026-05-05,4.305,-4.5,0,100,0
2026-05-15,2026-06-02,4.37,2.0,0,100,0
2026-05-15,2026-07-07,4.395,4.5,0,100,0
2026-05-15,2026-08-04,4.505,15.5,0,38,62
2026-05-15,2026-09-01,4.57,22.0,0,12,88
2026-05-15,2026-10-06,4.63,28.0,0,0,100
2026-05-15,2026-11-03,4.71,36.0,0,0,100
2026-05-15,2026-12-01,4.735,38.5,0,0,100
2026-05-15,2027-02-02,4.745,39.5,0,0,100
2026-05-15,2027-03-02,4.745,39.5,0,0,100
2026-05-15,2027-04-06,4.73,38.0,0,0,100
2026-05-15,2027-05-04,4.715,36.5,0,0,100
2026-05-15,2027-06-01,4.705,35.5,0,0,100
2026-05-15,2027-07-06,4.685,33.5,0,0,100
2026-05-15,2027-08-03,4.67,32.0,0,0,100
2026-05-15,2027-09-07,4.655,30.5,0,0,100
2026-05-15,2027-10-05,4.635,28.5,0,0,100
2026-05-18,2026-05-05,4.305,-4.5,0,100,0
2026-05-18,2026-06-02,4.365,1.5,0,100,0
2026-05-18,2026-07-07,4.39,4.0,0,100,0
2026-05-18,2026-08-04,4.49,14.0,0,44,56
2026-05-18,2026-09-01,4.55,20.0,0,20,80
2026-05-18,2026-10-06,4.62,27.0,0,0,100
2026-05-18,2026-11-03,4.71,36.0,0,0,100
2026-05-18,2026-12-01,4.725,37.5,0,0,100
2026-05-18,2027-02-02,4.735,38.5,0,0,100
2026-05-18,2027-03-02,4.735,38.5,0,0,100
2026-05-18,2027-04-06,4.73,38.0,0,0,100
2026-05-18,2027-05-04,4.715,36.5,0,0,100
2026-05-18,2027-06-01,4.71,36.0,0,0,100
2026-05-18,2027-07-06,4.695,34.5,0,0,100
2026-05-18,2027-08-03,4.68,33.0,0,0,100
2026-05-18,2027-09-07,4.665,31.5,0,0,100
2026-05-18,2027-10-05,4.65,30.0,0,0,100
2026-05-19,2026-05-05,4.305,-4.5,0,100,0
2026-05-19,2026-06-02,4.36,1.0,0,100,0
2026-05-19,2026-07-07,4.38,3.0,0,100,0
2026-05-19,2026-08-04,4.48,13.0,0,48,52
2026-05-19,2026-09-01,4.54,19.0,0,24,76
2026-05-19,2026-10-06,4.6,25.0,0,0,100
2026-05-19,2026-11-03,4.665,31.5,0,0,100
2026-05-19,2026-12-01,4.68,33.0,0,0,100
2026-05-19,2027-02-02,4.69,34.0,0,0,100
2026-05-19,2027-03-02,4.69,34.0,0,0,100
2026-05-19,2027-04-06,4.68,33.0,0,0,100
2026-05-19,2027-05-04,4.665,31.5,0,0,100
2026-05-19,2027-06-01,4.655,30.5,0,0,100
2026-05-19,2027-07-06,4.64,29.0,0,0,100
2026-05-19,2027-08-03,4.625,27.5,0,0,100
2026-05-19,2027-09-07,4.61,26.0,0,0,100
2026-05-19,2027-10-05,4.595,24.5,0,2,98
2026-05-20,2026-05-05,4.305,-4.5,0,100,0
2026-05-20,2026-06-02,4.36,1.0,0,100,0
2026-05-20,2026-07-07,4.385,3.5,0,100,0
2026-05-20,2026-08-04,4.485,13.5,0,46,54
2026-05-20,2026-09-01,4.545,19.5,0,22,78
2026-05-20,2026-10-06,4.6,25.0,0,0,100
2026-05-20,2026-11-03,4.67,32.0,0,0,100
2026-05-20,2026-12-01,4.69,34.0,0,0,100
2026-05-20,2027-02-02,4.7,35.0,0,0,100
2026-05-20,2027-03-02,4.7,35.0,0,0,100
2026-05-20,2027-04-06,4.695,34.5,0,0,100
2026-05-20,2027-05-04,4.685,33.5,0,0,100
2026-05-20,2027-06-01,4.68,33.0,0,0,100
2026-05-20,2027-07-06,4.67,32.0,0,0,100
2026-05-20,2027-08-03,4.655,30.5,0,0,100
2026-05-20,2027-09-07,4.64,29.0,0,0,100
2026-05-20,2027-10-05,4.625,27.5,0,0,100
2026-05-21,2026-05-05,4.305,-4.5,0,100,0
2026-05-21,2026-06-02,4.355,0.5,0,100,0
2026-05-21,2026-07-07,4.36,1.0,0,100,0
2026-05-21,2026-08-04,4.44,9.0,0,64,36
2026-05-21,2026-09-01,4.48,13.0,0,48,52
2026-05-21,2026-10-06,4.53,18.0,0,28,72
2026-05-21,2026-11-03,4.59,24.0,0,4,96
2026-05-21,2026-12-01,4.615,26.5,0,0,100
2026-05-21,2027-02-02,4.625,27.5,0,0,100
2026-05-21,2027-03-02,4.625,27.5,0,0,100
2026-05-21,2027-04-06,4.615,26.5,0,0,100
2026-05-21,2027-05-04,4.6,25.0,0,0,100
2026-05-21,2027-06-01,4.59,24.0,0,4,96
2026-05-21,2027-07-06,4.57,22.0,0,12,88
2026-05-21,2027-08-03,4.555,20.5,0,18,82
2026-05-21,2027-09-07,4.54,19.0,0,24,76
2026-05-21,2027-10-05,4.52,17.0,0,32,68
2026-05-22,2026-05-05,4.305,-4.5,0,100,0
2026-05-22,2026-06-02,4.355,0.5,0,100,0
2026-05-22,2026-07-07,4.36,1.0,0,100,0
2026-05-22,2026-08-04,4.435,8.5,0,66,34
2026-05-22,2026-09-01,4.485,13.5,0,46,54
2026-05-22,2026-10-06,4.51,16.0,0,36,64
2026-05-22,2026-11-03,4.565,21.5,0,14,86
2026-05-22,2026-12-01,4.585,23.5,0,6,94
2026-05-22,2027-02-02,4.59,24.0,0,4,96
2026-05-22,2027-03-02,4.59,24.0,0,4,96
2026-05-22,2027-04-06,4.575,22.5,0,10,90
2026-05-22,2027-05-04,4.56,21.0,0,16,84
2026-05-22,2027-06-01,4.55,20.0,0,20,80
2026-05-22,2027-07-06,4.53,18.0,0,28,72
2026-05-22,2027-08-03,4.51,16.0,0,36,64
2026-05-22,2027-09-07,4.495,14.5,0,42,58
2026-05-22,2027-10-05,4.475,12.5,0,50,50
2026-05-25,2026-05-05,4.305,-4.5,0,100,0
2026-05-25,2026-06-02,4.35,0.0,0,100,0
2026-05-25,2026-07-07,4.355,0.5,0,100,0
2026-05-25,2026-08-04,4.43,8.0,0,68,32
2026-05-25,2026-09-01,4.475,12.5,0,50,50
2026-05-25,2026-10-06,4.52,17.0,0,32,68
2026-05-25,2026-11-03,4.57,22.0,0,12,88
2026-05-25,2026-12-01,4.585,23.5,0,6,94
2026-05-25,2027-02-02,4.59,24.0,0,4,96
2026-05-25,2027-03-02,4.585,23.5,0,6,94
2026-05-25,2027-04-06,4.575,22.5,0,10,90
2026-05-25,2027-05-04,4.555,20.5,0,18,82
2026-05-25,2027-06-01,4.54,19.0,0,24,76
2026-05-25,2027-07-06,4.515,16.5,0,34,66
2026-05-25,2027-08-03,4.49,14.0,0,44,56
2026-05-25,2027-09-07,4.47,12.0,0,52,48
2026-05-25,2027-10-05,4.45,10.0,0,60,40
2026-05-26,2026-05-05,4.305,-4.5,0,100,0
2026-05-26,2026-06-02,4.355,0.5,0,100,0
2026-05-26,2026-07-07,4.36,1.0,0,100,0
2026-05-26,2026-08-04,4.435,8.5,0,66,34
2026-05-26,2026-09-01,4.485,13.5,0,46,54
2026-05-26,2026-10-06,4.525,17.5,0,30,70
2026-05-26,2026-11-03,4.58,23.0,0,8,92
2026-05-26,2026-12-01,4.6,25.0,0,0,100
2026-05-26,2027-02-02,4.61,26.0,0,0,100
2026-05-26,2027-03-02,4.605,25.5,0,0,100
2026-05-26,2027-04-06,4.59,24.0,0,4,96
2026-05-26,2027-05-04,4.57,22.0,0,12,88
2026-05-26,2027-06-01,4.555,20.5,0,18,82
2026-05-26,2027-07-06,4.53,18.0,0,28,72
2026-05-26,2027-08-03,4.51,16.0,0,36,64
2026-05-26,2027-09-07,4.49,14.0,0,44,56
2026-05-26,2027-10-05,4.47,12.0,0,52,48
2026-05-27,2026-05-05,4.305,-4.5,0,100,0
2026-05-27,2026-06-02,4.35,0.0,0,100,0
2026-05-27,2026-07-07,4.35,0.0,0,100,0
2026-05-27,2026-08-04,4.42,7.0,0,72,28
2026-05-27,2026-09-01,4.465,11.5,0,54,46
2026-05-27,2026-10-06,4.495,14.5,0,42,58
2026-05-27,2026-11-03,4.55,20.0,0,20,80
2026-05-27,2026-12-01,4.555,20.5,0,18,82
2026-05-27,2027-02-02,4.555,20.5,0,18,82
2026-05-27,2027-03-02,4.55,20.0,0,20,80
2026-05-27,2027-04-06,4.535,18.5,0,26,74
2026-05-27,2027-05-04,4.515,16.5,0,34,66
2026-05-27,2027-06-01,4.5,15.0,0,40,60
2026-05-27,2027-07-06,4.475,12.5,0,50,50
2026-05-27,2027-08-03,4.455,10.5,0,58,42
2026-05-27,2027-09-07,4.435,8.5,0,66,34
2026-05-27,2027-10-05,4.41,6.0,0,76,24
2026-05-28,2026-06-02,4.35,0.0,0,100,0
2026-05-28,2026-07-07,4.355,0.5,0,100,0
2026-05-28,2026-08-04,4.43,8.0,0,68,32
2026-05-28,2026-09-01,4.47,12.0,0,52,48
2026-05-28,2026-10-06,4.51,16.0,0,36,64
2026-05-28,2026-11-03,4.555,20.5,0,18,82
2026-05-28,2026-12-01,4.57,22.0,0,12,88
2026-05-28,2027-02-02,4.57,22.0,0,12,88
2026-05-28,2027-03-02,4.565,21.5,0,14,86
2026-05-28,2027-04-06,4.55,20.0,0,20,80
2026-05-28,2027-05-04,4.53,18.0,0,28,72
2026-05-28,2027-06-01,4.515,16.5,0,34,66
2026-05-28,2027-07-06,4.49,14.0,0,44,56
2026-05-28,2027-08-03,4.47,12.0,0,52,48
2026-05-28,2027-09-07,4.45,10.0,0,60,40
2026-05-28,2027-10-05,4.425,7.5,0,70,30
2026-05-29,2026-06-02,4.35,0.0,0,100,0
2026-05-29,2026-07-07,4.35,0.0,0,100,0
2026-05-29,2026-08-04,4.42,7.0,0,72,28
2026-05-29,2026-09-01,4.455,10.5,0,58,42
2026-05-29,2026-10-06,4.49,14.0,0,44,56
2026-05-29,2026-11-03,4.535,18.5,0,26,74
2026-05-29,2026-12-01,4.53,18.0,0,28,72
2026-05-29,2027-02-02,4.525,17.5,0,30,70
2026-05-29,2027-03-02,4.52,17.0,0,32,68
2026-05-29,2027-04-06,4.505,15.5,0,38,62
2026-05-29,2027-05-04,4.485,13.5,0,46,54
2026-05-29,2027-06-01,4.47,12.0,0,52,48
2026-05-29,2027-07-06,4.445,9.5,0,62,38
2026-05-29,2027-08-03,4.42,7.0,0,72,28
2026-05-29,2027-09-07,4.4,5.0,0,100,0
2026-05-29,2027-10-05,4.38,3.0,0,100,0
2026-06-01,2026-06-02,4.35,0.0,0,100,0
2026-06-01,2026-07-07,4.35,0.0,0,100,0
2026-06-01,2026-08-04,4.425,7.5,0,70,30
2026-06-01,2026-09-01,4.46,11.0,0,56,44
2026-06-01,2026-10-06,4.5,15.0,0,40,60
2026-06-01,2026-11-03,4.535,18.5,0,26,74
2026-06-01,2026-12-01,4.555,20.5,0,18,82
2026-06-01,2027-02-02,4.555,20.5,0,18,82
2026-06-01,2027-03-02,4.55,20.0,0,20,80
2026-06-01,2027-04-06,4.545,19.5,0,22,78
2026-06-01,2027-05-04,4.525,17.5,0,30,70
2026-06-01,2027-06-01,4.51,16.0,0,36,64
2026-06-01,2027-07-06,4.48,13.0,0,48,52
2026-06-01,2027-08-03,4.46,11.0,0,56,44
2026-06-01,2027-09-07,4.44,9.0,0,64,36
2026-06-01,2027-10-05,4.42,7.0,0,72,28
2026-06-01,2027-11-02,4.39,4.0,0,100,0
2026-06-02,2026-06-02,4.35,0.0,0,100,0
2026-06-02,2026-07-07,4.355,0.5,0,100,0
2026-06-02,2026-08-04,4.43,8.0,0,68,32
2026-06-02,2026-09-01,4.47,12.0,0,52,48
2026-06-02,2026-10-06,4.505,15.5,0,38,62
2026-06-02,2026-11-03,4.54,19.0,0,24,76
2026-06-02,2026-12-01,4.56,21.0,0,16,84
2026-06-02,2027-02-02,4.56,21.0,0,16,84
2026-06-02,2027-03-02,4.555,20.5,0,18,82
2026-06-02,2027-04-06,4.55,20.0,0,20,80
2026-06-02,2027-05-04,4.53,18.0,0,28,72
2026-06-02,2027-06-01,4.52,17.0,0,32,68
2026-06-02,2027-07-06,4.49,14.0,0,44,56
2026-06-02,2027-08-03,4.47,12.0,0,52,48
2026-06-02,2027-09-07,4.45,10.0,0,60,40
2026-06-02,2027-10-05,4.425,7.5,0,70,30
2026-06-02,2027-11-02,4.4,5.0,0,100,0
2026-06-03,2026-06-02,4.35,0.0,0,100,0
2026-06-03,2026-07-07,4.355,0.5,0,100,0
2026-06-03,2026-08-04,4.445,9.5,0,62,38
2026-06-03,2026-09-01,4.48,13.0,0,48,52
2026-06-03,2026-10-06,4.52,17.0,0,32,68
2026-06-03,2026-11-03,4.57,22.0,0,12,88
2026-06-03,2026-12-01,4.59,24.0,0,4,96
2026-06-03,2027-02-02,4.595,24.5,0,2,98
2026-06-03,2027-03-02,4.59,24.0,0,4,96
2026-06-03,2027-04-06,4.58,23.0,0,8,92
2026-06-03,2027-05-04,4.565,21.5,0,14,86
2026-06-03,2027-06-01,4.55,20.0,0,20,80
2026-06-03,2027-07-06,4.53,18.0,0,28,72
2026-06-03,2027-08-03,4.505,15.5,0,38,62
2026-06-03,2027-09-07,4.485,13.5,0,46,54
2026-06-03,2027-10-05,4.46,11.0,0,56,44
2026-06-03,2027-11-02,4.435,8.5,0,66,34
2026-06-04,2026-06-02,4.35,0.0,0,100,0
2026-06-04,2026-07-07,4.355,0.5,0,100,0
2026-06-04,2026-08-04,4.44,9.0,0,64,36
2026-06-04,2026-09-01,4.48,13.0,0,48,52
2026-06-04,2026-10-06,4.525,17.5,0,30,70
2026-06-04,2026-11-03,4.57,22.0,0,12,88
2026-06-04,2026-12-01,4.59,24.0,0,4,96
2026-06-04,2027-02-02,4.59,24.0,0,4,96
2026-06-04,2027-03-02,4.59,24.0,0,4,96
2026-06-04,2027-04-06,4.58,23.0,0,8,92
2026-06-04,2027-05-04,4.565,21.5,0,14,86
2026-06-04,2027-06-01,4.555,20.5,0,18,82
2026-06-04,2027-07-06,4.53,18.0,0,28,72
2026-06-04,2027-08-03,4.51,16.0,0,36,64
2026-06-04,2027-09-07,4.49,14.0,0,44,56
2026-06-04,2027-10-05,4.465,11.5,0,54,46
2026-06-04,2027-11-02,4.44,9.0,0,64,36
2026-06-05,2026-06-02,4.35,0.0,0,100,0
2026-06-05,2026-07-07,4.355,0.5,0,100,0
2026-06-05,2026-08-04,4.43,8.0,0,68,32
2026-06-05,2026-09-01,4.475,12.5,0,50,50
2026-06-05,2026-10-06,4.51,16.0,0,36,64
2026-06-05,2026-11-03,4.56,21.0,0,16,84
2026-06-05,2026-12-01,4.58,23.0,0,8,92
2026-06-05,2027-02-02,4.58,23.0,0,8,92
2026-06-05,2027-03-02,4.58,23.0,0,8,92
2026-06-05,2027-04-06,4.565,21.5,0,14,86
2026-06-05,2027-05-04,4.55,20.0,0,20,80
2026-06-05,2027-06-01,4.54,19.0,0,24,76
2026-06-05,2027-07-06,4.52,17.0,0,32,68
2026-06-05,2027-08-03,4.5,15.0,0,40,60
2026-06-05,2027-09-07,4.48,13.0,0,48,52
2026-06-05,2027-10-05,4.46,11.0,0,56,44
2026-06-05,2027-11-02,4.435,8.5,0,66,34
2026-06-08,2026-06-02,4.35,0.0,0,100,0
2026-06-08,2026-07-07,4.355,0.5,0,100,0
2026-06-08,2026-08-04,4.43,8.0,0,68,32
2026-06-08,2026-09-01,4.475,12.5,0,50,50
2026-06-08,2026-10-06,4.51,16.0,0,36,64
2026-06-08,2026-11-03,4.56,21.0,0,16,84
2026-06-08,2026-12-01,4.58,23.0,0,8,92
2026-06-08,2027-02-02,4.58,23.0,0,8,92
2026-06-08,2027-03-02,4.58,23.0,0,8,92
2026-06-08,2027-04-06,4.565,21.5,0,14,86
2026-06-08,2027-05-04,4.55,20.0,0,20,80
2026-06-08,2027-06-01,4.54,19.0,0,24,76
2026-06-08,2027-07-06,4.52,17.0,0,32,68
2026-06-08,2027-08-03,4.5,15.0,0,40,60
2026-06-08,2027-09-07,4.48,13.0,0,48,52
2026-06-08,2027-10-05,4.46,11.0,0,56,44
2026-06-08,2027-11-02,4.435,8.5,0,66,34
2026-06-09,2026-06-02,4.35,0.0,0,100,0
2026-06-09,2026-07-07,4.35,0.0,0,100,0
2026-06-09,2026-08-04,4.42,7.0,0,72,28
2026-06-09,2026-09-01,4.455,10.5,0,58,42
2026-06-09,2026-10-06,4.49,14.0,0,44,56
2026-06-09,2026-11-03,4.55,20.0,0,20,80
2026-06-09,2026-12-01,4.565,21.5,0,14,86
2026-06-09,2027-02-02,4.57,22.0,0,12,88
2026-06-09,2027-03-02,4.57,22.0,0,12,88
2026-06-09,2027-04-06,4.565,21.5,0,14,86
2026-06-09,2027-05-04,4.55,20.0,0,20,80
2026-06-09,2027-06-01,4.54,19.0,0,24,76
2026-06-09,2027-07-06,4.52,17.0,0,32,68
2026-06-09,2027-08-03,4.495,14.5,0,42,58
2026-06-09,2027-09-07,4.475,12.5,0,50,50
2026-06-09,2027-10-05,4.455,10.5,0,58,42
2026-06-09,2027-11-02,4.43,8.0,0,68,32
2026-06-10,2026-06-02,4.35,0.0,0,100,0
2026-06-10,2026-07-07,4.35,0.0,0,100,0
2026-06-10,2026-08-04,4.4,5.0,0,100,0
2026-06-10,2026-09-01,4.43,8.0,0,68,32
2026-06-10,2026-10-06,4.455,10.5,0,58,42
2026-06-10,2026-11-03,4.5,15.0,0,40,60
2026-06-10,2026-12-01,4.515,16.5,0,34,66
2026-06-10,2027-02-02,4.52,17.0,0,32,68
2026-06-10,2027-03-02,4.515,16.5,0,34,66
2026-06-10,2027-04-06,4.51,16.0,0,36,64
2026-06-10,2027-05-04,4.49,14.0,0,44,56
2026-06-10,2027-06-01,4.48,13.0,0,48,52
2026-06-10,2027-07-06,4.455,10.5,0,58,42
2026-06-10,2027-08-03,4.435,8.5,0,66,34
2026-06-10,2027-09-07,4.415,6.5,0,74,26
2026-06-10,2027-10-05,4.39,4.0,0,100,0
2026-06-10,2027-11-02,4.365,1.5,0,100,0
2026-06-11,2026-06-02,4.35,0.0,0,100,0
2026-06-11,2026-07-07,4.35,0.0,0,100,0
2026-06-11,2026-08-04,4.4,5.0,0,100,0
2026-06-11,2026-09-01,4.44,9.0,0,64,36
2026-06-11,2026-10-06,4.445,9.5,0,62,38
2026-06-11,2026-11-03,4.485,13.5,0,46,54
2026-06-11,2026-12-01,4.5,15.0,0,40,60
2026-06-11,2027-02-02,4.51,16.0,0,36,64
2026-06-11,2027-03-02,4.51,16.0,0,36,64
2026-06-11,2027-04-06,4.5,15.0,0,40,60
2026-06-11,2027-05-04,4.48,13.0,0,48,52
2026-06-11,2027-06-01,4.47,12.0,0,52,48
2026-06-11,2027-07-06,4.445,9.5,0,62,38
2026-06-11,2027-08-03,4.425,7.5,0,70,30
2026-06-11,2027-09-07,4.405,5.5,0,78,22
2026-06-11,2027-10-05,4.38,3.0,0,100,0
2026-06-11,2027-11-02,4.355,0.5,0,100,0
2026-06-12,2026-06-02,4.35,0.0,0,100,0
2026-06-12,2026-07-07,4.35,0.0,0,100,0
2026-06-12,2026-08-04,4.38,3.0,0,100,0
2026-06-12,2026-09-01,4.42,7.0,0,72,28
2026-06-12,2026-10-06,4.425,7.5,0,70,30
2026-06-12,2026-11-03,4.465,11.5,0,54,46
2026-06-12,2026-12-01,4.48,13.0,0,48,52
2026-06-12,2027-02-02,4.49,14.0,0,44,56
2026-06-12,2027-03-02,4.49,14.0,0,44,56
2026-06-12,2027-04-06,4.48,13.0,0,48,52
2026-06-12,2027-05-04,4.46,11.0,0,56,44
2026-06-12,2027-06-01,4.45,10.0,0,60,40
2026-06-12,2027-07-06,4.425,7.5,0,70,30
2026-06-12,2027-08-03,4.405,5.5,0,78,22
2026-06-12,2027-09-07,4.385,3.5,0,100,0
2026-06-12,2027-10-05,4.36,1.0,0,100,0
2026-06-12,2027-11-02,4.335,-1.5,0,100,0
2026-06-15,2026-06-02,4.35,0.0,0,100,0
2026-06-15,2026-07-07,4.35,0.0,0,100,0
2026-06-15,2026-08-04,4.4,5.0,0,100,0
2026-06-15,2026-09-01,4.415,6.5,0,74,26
2026-06-15,2026-10-06,4.43,8.0,0,68,32
2026-06-15,2026-11-03,4.47,12.0,0,52,48
2026-06-15,2026-12-01,4.485,13.5,0,46,54
2026-06-15,2027-02-02,4.49,14.0,0,44,56
2026-06-15,2027-03-02,4.485,13.5,0,46,54
2026-06-15,2027-04-06,4.47,12.0,0,52,48
2026-06-15,2027-05-04,4.445,9.5,0,62,38
2026-06-15,2027-06-01,4.435,8.5,0,66,34
2026-06-15,2027-07-06,4.405,5.5,0,78,22
2026-06-15,2027-08-03,4.38,3.0,0,100,0
2026-06-15,2027-09-07,4.355,0.5,0,100,0
2026-06-15,2027-10-05,4.335,-1.5,0,100,0
2026-06-15,2027-11-02,4.305,-4.5,0,100,0
2026-06-16,2026-06-02,4.345,-0.5,0,100,0
2026-06-16,2026-07-07,4.345,-0.5,0,100,0
2026-06-16,2026-08-04,4.39,4.0,0,100,0
2026-06-16,2026-09-01,4.42,7.0,0,72,28
2026-06-16,2026-10-06,4.425,7.5,0,70,30
2026-06-16,2026-11-03,4.46,11.0,0,56,44
2026-06-16,2026-12-01,4.475,12.5,0,50,50
2026-06-16,2027-02-02,4.475,12.5,0,50,50
2026-06-16,2027-03-02,4.47,12.0,0,52,48
2026-06-16,2027-04-06,4.45,10.0,0,60,40
2026-06-16,2027-05-04,4.425,7.5,0,70,30
2026-06-16,2027-06-01,4.41,6.0,0,76,24
2026-06-16,2027-07-06,4.385,3.5,0,100,0
2026-06-16,2027-08-03,4.36,1.0,0,100,0
2026-06-16,2027-09-07,4.335,-1.5,0,100,0
2026-06-16,2027-10-05,4.31,-4.0,0,100,0
2026-06-16,2027-11-02,4.28,-7.0,28,72,0
2026-06-17,2026-06-02,4.345,-0.5,0,100,0
2026-06-17,2026-07-07,4.345,-0.5,0,100,0
2026-06-17,2026-08-04,4.395,4.5,0,100,0
2026-06-17,2026-09-01,4.415,6.5,0,74,26
2026-06-17,2026-10-06,4.42,7.0,0,72,28
2026-06-17,2026-11-03,4.455,10.5,0,58,42
2026-06-17,2026-12-01,4.465,11.5,0,54,46
2026-06-17,2027-02-02,4.455,10.5,0,58,42
2026-06-17,2027-03-02,4.445,9.5,0,62,38
2026-06-17,2027-04-06,4.425,7.5,0,70,30
2026-06-17,2027-05-04,4.4,5.0,0,100,0
2026-06-17,2027-06-01,4.385,3.5,0,100,0
2026-06-17,2027-07-06,4.35,0.0,0,100,0
2026-06-17,2027-08-03,4.32,-3.0,0,100,0
2026-06-17,2027-09-07,4.295,-5.5,22,78,0
2026-06-17,2027-10-05,4.265,-8.5,34,66,0
2026-06-17,2027-11-02,4.235,-11.5,46,54,0
2026-06-18,2026-06-02,4.345,-0.5,0,100,0
2026-06-18,2026-07-07,4.345,-0.5,0,100,0
2026-06-18,2026-08-04,4.395,4.5,0,100,0
2026-06-18,2026-09-01,4.425,7.5,0,70,30
2026-06-18,2026-10-06,4.44,9.0,0,64,36
2026-06-18,2026-11-03,4.485,13.5,0,46,54
2026-06-18,2026-12-01,4.495,14.5,0,42,58
2026-06-18,2027-02-02,4.49,14.0,0,44,56
2026-06-18,2027-03-02,4.48,13.0,0,48,52
2026-06-18,2027-04-06,4.465,11.5,0,54,46
2026-06-18,2027-05-04,4.44,9.0,0,64,36
2026-06-18,2027-06-01,4.425,7.5,0,70,30
2026-06-18,2027-07-06,4.395,4.5,0,100,0
2026-06-18,2027-08-03,4.365,1.5,0,100,0
2026-06-18,2027-09-07,4.34,-1.0,0,100,0
2026-06-18,2027-10-05,4.315,-3.5,0,100,0
2026-06-18,2027-11-02,4.28,-7.0,28,72,0
2026-06-19,2026-06-02,4.345,-0.5,0,100,0
2026-06-19,2026-07-07,4.345,-0.5,0,100,0
2026-06-19,2026-08-04,4.405,5.5,0,78,22
2026-06-19,2026-09-01,4.43,8.0,0,68,32
2026-06-19,2026-10-06,4.445,9.5,0,62,38
2026-06-19,2026-11-03,4.5,15.0,0,40,60
2026-06-19,2026-12-01,4.515,16.5,0,34,66
2026-06-19,2027-02-02,4.51,16.0,0,36,64
2026-06-19,2027-03-02,4.505,15.5,0,38,62
2026-06-19,2027-04-06,4.49,14.0,0,44,56
2026-06-19,2027-05-04,4.465,11.5,0,54,46
2026-06-19,2027-06-01,4.455,10.5,0,58,42
2026-06-19,2027-07-06,4.425,7.5,0,70,30
2026-06-19,2027-08-03,4.4,5.0,0,100,0
2026-06-19,2027-09-07,4.375,2.5,0,100,0
2026-06-19,2027-10-05,4.35,0.0,0,100,0
2026-06-19,2027-11-02,4.32,-3.0,0,100,0
2026-06-22,2026-06-02,4.345,-0.5,0,100,0
2026-06-22,2026-07-07,4.345,-0.5,0,100,0
2026-06-22,2026-08-04,4.4,5.0,0,100,0
2026-06-22,2026-09-01,4.425,7.5,0,70,30
2026-06-22,2026-10-06,4.445,9.5,0,62,38
2026-06-22,2026-11-03,4.5,15.0,0,40,60
2026-06-22,2026-12-01,4.515,16.5,0,34,66
2026-06-22,2027-02-02,4.51,16.0,0,36,64
2026-06-22,2027-03-02,4.5,15.0,0,40,60
2026-06-22,2027-04-06,4.485,13.5,0,46,54
2026-06-22,2027-05-04,4.465,11.5,0,54,46
2026-06-22,2027-06-01,4.45,10.0,0,60,40
2026-06-22,2027-07-06,4.425,7.5,0,70,30
2026-06-22,2027-08-03,4.395,4.5,0,100,0
2026-06-22,2027-09-07,4.37,2.0,0,100,0
2026-06-22,2027-10-05,4.345,-0.5,0,100,0
2026-06-22,2027-11-02,4.315,-3.5,0,100,0
2026-06-23,2026-06-02,4.345,-0.5,0,100,0
2026-06-23,2026-07-07,4.345,-0.5,0,100,0
2026-06-23,2026-08-04,4.395,4.5,0,100,0
2026-06-23,2026-09-01,4.415,6.5,0,74,26
2026-06-23,2026-10-06,4.44,9.0,0,64,36
2026-06-23,2026-11-03,4.48,13.0,0,48,52
2026-06-23,2026-12-01,4.485,13.5,0,46,54
2026-06-23,2027-02-02,4.475,12.5,0,50,50
2026-06-23,2027-03-02,4.465,11.5,0,54,46
2026-06-23,2027-04-06,4.44,9.0,0,64,36
2026-06-23,2027-05-04,4.415,6.5,0,74,26
2026-06-23,2027-06-01,4.4,5.0,0,100,0
2026-06-23,2027-07-06,4.37,2.0,0,100,0
2026-06-23,2027-08-03,4.345,-0.5,0,100,0
2026-06-23,2027-09-07,4.315,-3.5,0,100,0
2026-06-23,2027-10-05,4.29,-6.0,24,76,0
2026-06-23,2027-11-02,4.255,-9.5,38,62,0
2026-06-24,2026-06-02,4.345,-0.5,0,100,0
2026-06-24,2026-07-07,4.345,-0.5,0,100,0
2026-06-24,2026-08-04,4.4,5.0,0,100,0
2026-06-24,2026-09-01,4.425,7.5,0,70,30
2026-06-24,2026-10-06,4.45,10.0,0,60,40
2026-06-24,2026-11-03,4.475,12.5,0,50,50
2026-06-24,2026-12-01,4.49,14.0,0,44,56
2026-06-24,2027-02-02,4.485,13.5,0,46,54
2026-06-24,2027-03-02,4.475,12.5,0,50,50
2026-06-24,2027-04-06,4.45,10.0,0,60,40
2026-06-24,2027-05-04,4.42,7.0,0,72,28
2026-06-24,2027-06-01,4.405,5.5,0,78,22
2026-06-24,2027-07-06,4.375,2.5,0,100,0
2026-06-24,2027-08-03,4.345,-0.5,0,100,0
2026-06-24,2027-09-07,4.315,-3.5,0,100,0
2026-06-24,2027-10-05,4.29,-6.0,24,76,0
2026-06-24,2027-11-02,4.26,-9.0,36,64,0
